0.037815284576655374	0.02358629007351953	0.019201730586473082	0.025897234138235456	0.12049362938590148
0.039796801401050436	0.3402103294499133	0.06536369048786705	0.10274118356731823	0.04805434597154804
0.06655934558913558	0.178764615397176	0.03906902087882648	0.033163141052549035	0.03674859271728944
0.07898574980165245	0.045291037824289906	0.013675516917028036	0.10590332644048565	0.01478763677516153
0.04631100722670929	0.18239736224359837	0.019815107846690362	0.017520280073858627	0.10390209760255555
0.06254579820953025	0.18980141571113096	0.027841301935124508	0.01949785366188865	0.10522874999409859
0.015504672804485456	0.17074851377097905	0.010065342317228249	0.01283164213794358	0.021004644650552483
0.12471954257889104	0.20700382210813767	0.11668997543392906	0.035751937815126866	0.05064217615340016
0.022077804891343544	0.38211962154332824	0.062400948973374976	0.04388945490581743	0.011212589464481485
0.04617711067099926	0.019959577779734766	0.038169352025242895	0.032849812965904175	0.08326389575778989
0.023129379924064674	0.02135484911547506	0.033010239948562094	0.030644301315687426	0.07488559261793311
0.045919475415967	0.06640794621425328	0.021876583782646817	0.03528014198629824	0.0324669140295342
0.027101360457675274	0.031740785353855466	0.03336861819453703	0.009210512913300998	0.11368701603239507
0.06504242941115214	0.07915407075438069	0.07928069134631098	0.04599607750071412	0.05036584286916316
0.13205289684274518	0.40844719748649083	0.08332413694015686	0.022108933655446934	0.015320674153933855
0.16963310472793489	0.02964613360363561	0.05577533080929328	0.03147145291980663	0.16761912595795447
0.019436106387435783	0.26380307604351105	0.14084629489481468	0.12140168502144823	0.061055532163402544
0.09312176539544861	0.03006258175212675	0.0722368503210765	0.032506788601670104	0.07793900234157365
0.01646719513022008	0.013412319577625762	0.009716328687439576	0.01194892642212852	0.03616193787273837
0.0634279688454849	0.3563585916311779	0.015910263441878847	0.11787946151472911	0.023105566309059914
0.03651340177626019	0.023657016691101686	0.025412641963785915	0.03606089577922525	0.022699630679335708
0.2476094844827919	0.22640135470562267	0.025515090409638258	0.16216697947525321	0.0574118752816682
0.08400520684246898	0.29204650040564095	0.054207438294464345	0.030733149506376026	0.01889740202355173
0.008065455746487293	0.5093225192322897	0.27716582816888274	0.024269424561627995	0.05390420541393905
0.06321553524653481	0.029259582589371138	0.027968721095730033	0.013682567086681113	0.03093141277846615
0.04937540379685053	0.14925460489435918	0.04909835177337826	0.031615288590011836	0.07245615407373034
0.05920295866306933	0.027077859220465662	0.03513283711754407	0.2080485489987873	0.07777380848906819
0.04242667515539245	0.05491403728986435	0.04499566619598014	0.07662488608212481	0.05016849137172434
0.06517743373353992	0.022057667491580127	0.11711360791428878	0.016331069481363526	0.028440926466699427
0.056074145861921935	0.09825560538736765	0.04732232195486441	0.07016549832082553	0.06711572068758599
0.09521542803103271	0.03653897668463445	0.026137746925809037	0.35352834679851275	0.022469673351744223
0.04932132895466461	0.06883224731474184	0.03576302200938298	0.09659174334459628	0.023938070632907312
0.01222488609908435	0.07996870655435942	0.02825775578156843	0.01602251481242096	0.022787483508343004
0.012097526737659896	0.027044329017803695	0.028471149798197738	0.09612743275287844	0.028259355560416935
0.04604657812387803	0.02423369587488572	0.029220086843415958	0.01740151620404337	0.15676214083376439
0.01859600584173841	0.17977694901253485	0.027429958807062196	0.15255958162126898	0.0646844645913147
0.028568456883512727	0.06745882386868876	0.04725840059768948	0.015263950348262351	0.0618062461017975
0.0868068123009737	0.22878300200639795	0.03443836974287718	0.2557579754665333	0.020569855056933584
0.05988533743270649	0.07280859638752533	0.13166384523748942	0.07811450498861178	0.018946721936820603
0.06266498441289277	0.18921870785687328	0.06361810024827153	0.050492586612457716	0.058402394193919134
0.03071079648325942	0.027692281273440988	0.10552809181378975	0.030391571686333992	0.09268505571671015
0.0514952134454882	0.5493095299048741	0.16705241822100095	0.03754323250236555	0.01586287671312342
0.03959923303009369	0.10224911523502264	0.037517745982120376	0.04683762900159745	0.013961992073354487
0.02201869619874067	0.07631629821666276	0.12809823600845632	0.026237086460558817	0.25537293478353235
0.07050985738214453	0.03871506280463235	0.04155762435547289	0.13238555367654717	0.0948329187619166
0.12387943948431948	0.11764330191469431	0.029088388460015907	0.12546518686693223	0.029433110465705212
0.016873833194281353	0.0279367489064702	0.04863240260684472	0.026755781531510113	0.019203693988107968
0.04703194685960324	0.03961806122977447	0.01116389649565337	0.020599170616333394	0.08944230036623227
0.06552930381640042	0.2008309441079115	0.08050536287673359	0.06937260880829614	0.052641751756009235
0.07196442273490554	0.08510279091651479	0.023185433646243328	0.03268089349558347	0.1236058936511267
0.07738972993906225	0.2143887391858004	0.034583345678927985	0.040427716416566936	0.07196004907539973
0.02990286119403624	0.28300361999575935	0.17457754154749672	0.014143845268117194	0.011255970318715598
0.14480119698486635	0.23026912676209693	0.020823563044974375	0.2544048365398532	0.06693191656931251
0.14674563320400555	0.01724957058276219	0.09523538791039851	0.023020887966806375	0.028741760088334605
0.015343457303583944	0.09253944016580037	0.013415866419280808	0.074133772433718	0.027402756599335665
0.06236081632671043	0.08721497028989685	0.13808579089374728	0.04930001343481281	0.1739415854310887
0.07186045919677037	0.12586484004808096	0.38080249097533003	0.10148271271399058	0.023021333568957192
0.0761076048192149	0.024876466397945267	0.046364353794615364	0.07744122113559611	0.06105539918641198
0.07692307692307694	0.07692307692307694	0.07692307692307694	0.07692307692307694	0.07692307692307694
0.05343489801955602	0.5048278755377015	0.03908977456570766	0.01432925386236782	0.08643029459344088
0.038381370315699444	0.03341500163017767	0.017479634570576864	0.026501931366664323	0.08008135416392706
0.05132980482573266	0.1385273551392135	0.0840076676197399	0.12365851017501067	0.06536613996048586
0.08487839255576789	0.11716169490645661	0.044485479043313146	0.07352204166376004	0.08320699310571748
0.06645988375131279	0.07882512672346677	0.06428775541392402	0.07678438144263174	0.02443247098380051
0.04411941584931744	0.02477318596136225	0.07901034442189657	0.045124880261209754	0.029179861596587794
0.024701563628957982	0.1661607668496611	0.13757618339385672	0.02469175446201703	0.09122105681945661
0.08051884961274419	0.059893532406962366	0.03498969555947147	0.09186673015834895	0.05492629042428143
0.02606737023949937	0.044934937132869335	0.013208576116395457	0.20647403946617418	0.03836902361166571
0.10902483581156218	0.07604827795958773	0.16739092137260356	0.021846414227869336	0.04456203503466995
0.07100896818620704	0.05130714359237737	0.12857479945683617	0.07062888685372273	0.07405304528813789
0.0799624646880341	0.05566495302777979	0.08834252164062524	0.050133574448192636	0.02626438629847049
0.019000895097922552	0.020195189418584635	0.04860997008650698	0.6083833757507453	0.03778297730024373
0.030249488776132323	0.024222765290927265	0.017209420323095845	0.04143644066612761	0.1192583005041762
0.027631333243338344	0.26450588659529123	0.03274085832292545	0.07595857235757827	0.05522736782889365
0.054914150323297516	0.03693623351278011	0.038018122705393974	0.026714044538081263	0.06423972277037643
0.024025397824113427	0.00959345561207632	0.05121079307592819	0.35156609423360213	0.012938285060039282
0.05832691858452982	0.1527745590020678	0.04170313963095349	0.026350042485409543	0.041058434507369033
0.0740242785114625	0.07499685652103667	0.07389944227032066	0.09771079423071401	0.07389944227009915
0.02642948423597229	0.19247933170078033	0.01331546458201193	0.03769305476353821	0.039824354640814866
0.0630054474683917	0.03653469337666682	0.11232596827843701	0.08661010139109625	0.05110343858342026
0.06172445081783395	0.12597124335923662	0.029465674117225258	0.22234509990000853	0.248112103173135
0.08146116410149869	0.23109805006435505	0.04212525618439994	0.07683696668678291	0.014774891813046392
0.15751490460326895	0.05843257367153086	0.017896038000793472	0.26656804802028333	0.018511962068266347
0.09429074947787008	0.06160509502246966	0.014867777964266155	0.019349633860609117	0.016706393686293272
0.10833169852170786	0.06755733800169207	0.08216926766435224	0.02688326064487275	0.03208709223088681
0.08348775977120486	0.025481528168975927	0.033190593994002995	0.02745244576111047	0.05959435695660204
0.04573163216849002	0.05420415428775332	0.05035612617809594	0.029504048367187452	0.05470205611359478
0.032684169107549114	0.08724796269059985	0.10632062343142225	0.0734402039272623	0.044969607829195395
0.020587020738426037	0.0643343850954016	0.05225330644772654	0.01664746272102952	0.034756739262830905
0.07564877338726181	0.05407110445149137	0.04208791734389236	0.38876243575681796	0.03291822991027414
0.23098955065057367	0.18260628985730687	0.09465132812620237	0.042728661730511826	0.040565233793355526
0.06798284114812873	0.03837901843436101	0.06058699714599637	0.04663297030362344	0.15202040204998124
0.0720329889945564	0.0668282525318952	0.043621257367424046	0.11152522518567852	0.02896974670459678
0.034370850589541424	0.012250898458804688	0.026165881636320477	0.07613036331693435	0.09999392677493636
0.07903373692107905	0.030684848113906843	0.18154926492924858	0.08050245344388753	0.10031028229849248
0.03862556247356051	0.03484890342360977	0.009590250978205917	0.0821924000777271	0.023080272558800567
0.13385109783216842	0.353411645664399	0.02935242071670086	0.036136871492791205	0.03427630759593718
0.07681000283389128	0.4026093682974562	0.08043371417765809	0.023890224605254782	0.019362100204500184
0.04254727017576666	0.11324238548508372	0.025223041845225738	0.05429628814352966	0.13327087239809454
0.09388751094856118	0.050842684395016435	0.02651462470112868	0.046392818961258915	0.40627106738740076
0.017773210021555356	0.009652111037925995	0.07151215223259293	0.019280373233011436	0.04994698185945387
0.04691118576395016	0.05641959032848885	0.04557510084274152	0.04967901438309072	0.09770673066614396
0.12437209094683399	0.01252302119129651	0.01782703828744262	0.05373920170911228	0.035771716965810996
0.061958654567721344	0.03944152508489877	0.04379394924439113	0.046290214815172176	0.04138065300573838
0.08362112048283532	0.08393644622509676	0.0151835562073587	0.06439998668101274	0.013981135399179388
0.04140388743580198	0.1276545761571359	0.031075932572142955	0.037894334497185045	0.06537270099164103
0.07142734827562536	0.02720287620180513	0.012635282417009487	0.03175279403351915	0.03234617045337908
0.11432379896575062	0.06147251361675734	0.028716907677035147	0.028450064151854932	0.12800979279690672
0.14660708996715124	0.05612523155283346	0.05671146362854991	0.036025291357988855	0.1021249761823029
0.021306312980917542	0.044879451514976146	0.04003706872915043	0.048926637307951805	0.29228194365222
0.04788236175937614	0.022709984672666085	0.016589456603505286	0.1127181998393087	0.2341806640980085
0.0392681871902109	0.17433041674799696	0.03682668731130953	0.11242386780874743	0.11134869688169989
0.06241579566670186	0.019525912484374852	0.08073685191688174	0.024415320140527618	0.02324328589482051
0.09531427754539677	0.4589639655190871	0.017671136922496125	0.05319759655653383	0.018263517214672075
0.06394717679066375	0.017027961060312992	0.10289808116012819	0.014820355971129105	0.03361024166252289
0.025763368682656485	0.04323604786853597	0.02378826848166981	0.13975788358507804	0.2502844955603901
0.02021195587089523	0.016926110732946816	0.012703515589166554	0.03962241903602251	0.1635587795866766
0.24129197444885048	0.13570123626807917	0.03582046958732393	0.04878158509542947	0.09498429803234869
0.13591289728550385	0.11492885322933137	0.05589510750712516	0.04578412431318882	0.02362319686698835
0.016115822860631415	0.040171155519454174	0.01275297986945655	0.6002276884735048	0.03792960332851765
0.12661545221250917	0.10766806081330431	0.13625705315832828	0.08276169268487167	0.035381278569721814
0.040180206757028665	0.2285645482111119	0.020778422107652055	0.03198643768946973	0.030313735878005323
0.03601559029585932	0.2193311568914805	0.030839245742059852	0.038813159426314824	0.06262710994995675
0.029705652342068647	0.06162203096388876	0.03264692591175199	0.017124695020906657	0.15689852707819466
0.0466528706951968	0.040005272782355314	0.02268628456795648	0.027141332392672704	0.2699723905435688
0.020881448007663846	0.10405734816535515	0.10990157238902154	0.04579013349940796	0.1300153069642335
0.030644511861222638	0.02376957307280812	0.027983370468947236	0.04228506042818279	0.0330583896628507
0.3022854374998867	0.14731137972595126	0.01854109612006768	0.029391592994196875	0.03102759935989134
0.1020677207980886	0.01852697839437469	0.02279288520179254	0.15093940680829865	0.025119702995531942
0.05263132644455716	0.03326015940458388	0.05063385236268095	0.015792959470594125	0.013191485078901803
0.017875016068779552	0.030471139789981946	0.04454223423331861	0.0533353823595027	0.021601762126139932
0.13466858810795684	0.06049861576455701	0.05303173594317355	0.05300403055564824	0.03887940561808687
0.025097575071233762	0.0593726347084506	0.12926801837648946	0.04061069835587362	0.05916895843319468
0.015144902772149211	0.3697095247123685	0.03923369838334145	0.02336899941168251	0.025590266030555964
0.014401831075400282	0.18614922712056567	0.018439669856881086	0.03645711018010223	0.42531324657606867
0.06584415530554277	0.042940460849537634	0.038528181095820825	0.12664047790274158	0.07733546126679597
0.05270718572739837	0.010111656227136459	0.02552714857332346	0.05851675486926599	0.06157727217685161
0.012417399001332695	0.024936885158948187	0.023576835311013847	0.644994983078078	0.03686202625560674
0.1096433737362588	0.30608637353155077	0.036284396281204605	0.0456598096640477	0.041172083002131786
0.07484087817548069	0.17918450832833702	0.02146958459649985	0.1464009256454721	0.05647634739842305
0.034841394056431274	0.08636702501321787	0.026959330637901305	0.030083700449612737	0.15353131852157964
0.1025739510361767	0.017214322178064026	0.08901377045252358	0.06214192184060328	0.024677661807637457
0.07692307692307694	0.07692307692307694	0.07692307692307694	0.07692307692307694	0.07692307692307694
0.12383083675842596	0.043882322516422996	0.051401648630461996	0.032264824126251423	0.05072196884019581
0.0582905010986428	0.05255077523163782	0.0411556615535605	0.03323868316231663	0.021941353320073468
0.06338579348935913	0.047623095422697534	0.054636894026351523	0.026602568246055558	0.06276868158315106
0.021685260958638958	0.011156249277539047	0.03167548969320355	0.014327245509775342	0.048088525183616566
0.03942424072633544	0.060815941472701994	0.17149028528662888	0.03637150549949193	0.03112213915545535
0.02168590123869491	0.014501249515098583	0.03684944821395153	0.014108617943521638	0.2499130055272174
0.0676772982287577	0.06577688096365407	0.14187713786405465	0.020131883536777476	0.04612743236379846
0.0570656136514205	0.04052248753615977	0.014544948268279543	0.0543168841463963	0.09477536153168768
0.031720938264561925	0.059356498178104004	0.057969740179281304	0.09163771153881449	0.021396818326362213
0.09090922145336312	0.28744430153132655	0.03282712350135219	0.08121101887189856	0.04898613287101234
0.10834469652039441	0.05108013390389947	0.052900561071484054	0.024986565771849805	0.050761763489695945
0.051633842195084684	0.1399826508537299	0.04440776388169937	0.05028361871953393	0.09075698242437637
0.035741034490309534	0.021521313481065705	0.017253336280438243	0.014669959407205111	0.07618916581322997
0.04076834690651008	0.20706084684612575	0.03562916820806157	0.29080206950891596	0.028008073319951265
0.03580641916755358	0.04423386286388554	0.09776234107333463	0.03386961997522909	0.049347357413399115
0.013672820559314347	0.011161440106738793	0.027362449190312468	0.0280909453078661	0.03705609966967088
0.04448111403690876	0.054423066798190554	0.042122657562493476	0.02944759078272019	0.08771810742838582
0.12999888305591867	0.03572418555813057	0.04112889461669606	0.020721707103286482	0.021600910930298922
0.02781949061318015	0.010492629843158135	0.015492538409823592	0.03703180791159052	0.04812905171174971
0.02570714972585427	0.06947133456021826	0.037491719707953904	0.036776211431792015	0.019268679826426563
0.061750246752085944	0.08148284942311824	0.0670892559544535	0.12815320739822286	0.019629070834114654
0.08126726610799857	0.030477991836630206	0.04308702819056546	0.05602103097675339	0.036398529051583056
0.03248658558295487	0.20473176940673424	0.17570498214859354	0.05001476912088246	0.05630388220985111
0.015870573267674007	0.12503588752999611	0.037334760318336345	0.027130205376806733	0.06784607232658901
0.220318763844009	0.020134897516218157	0.011400606078347959	0.0921211859448964	0.040852218320490054
0.026368254690736146	0.2901707732976525	0.10625102929434857	0.028888198504209473	0.0301861139865656
0.02726770623193001	0.07353788874883946	0.04884619650018598	0.057998591277028354	0.02537568859782987
0.13981758021794044	0.40891246038995116	0.05328404262230626	0.11845619834682304	0.03591346817328549
0.0713256174426125	0.07158715542812581	0.07353313521733565	0.0777823414233229	0.07837702133662924
0.20246020477665558	0.30576016067504747	0.019758975406157727	0.06145434528444428	0.04736000523590117
0.05024147491502523	0.04106108860253748	0.03636738544778314	0.05715189058935753	0.0609152182132546
0.05500944029376197	0.015113403481595377	0.020100899551561833	0.05353627057557436	0.06063370331727837
0.14359203946413054	0.08321421556948272	0.04293458482450106	0.09956931041146631	0.06051178920060098
0.1393209603916869	0.17372241723659407	0.03950833156370669	0.14136561020971453	0.01638268092986722
0.031200461929139948	0.01252595110137229	0.021731875778782696	0.14414096617085356	0.02172616141182602
0.06216852244135176	0.029779601411511588	0.09066229256365516	0.020515780950530353	0.02005706879231137
0.09651419276467514	0.339588767258422	0.12340570228565116	0.037311993231900584	0.03455942366500572
0.15404089549465472	0.27695099449592575	0.02310176047831708	0.16762300966061067	0.02032064089860254
0.0864666357185793	0.13010580411897787	0.06228203708760109	0.10080632774316625	0.093413859975775
0.15972486585257384	0.3213802981597939	0.13559852756503282	0.043282829286879744	0.04530663340567
0.036973671050437855	0.03417796796989124	0.05502834680779331	0.030839947063680224	0.046580311395457555
0.10617415343088608	0.03109984202586838	0.1495647102929719	0.10954985361107737	0.05351527425472366
0.0649604437897549	0.1402825860691695	0.05024602260045875	0.04583335969162632	0.03488940512861246
0.01355464651745657	0.011319918768687473	0.017340951413287984	0.04641278911678305	0.026924339106677166
0.024059520407289536	0.25891375026487284	0.058421550198547306	0.030316513079720945	0.04561744529271885
0.02254607588972559	0.21691165886299263	0.06050536480400497	0.03230104770196082	0.01559444659568962
0.10898181026481506	0.40754818092192685	0.13526446967760053	0.021116530765092494	0.05569866368467215
0.030609473961547368	0.016665797045037452	0.03924638028348236	0.01987279995631417	0.022779994413712427
0.030523444692555676	0.024428204169010533	0.016304394100961545	0.01907518535990398	0.05850839964252767
0.09773045292010332	0.188186299280281	0.12127208762567573	0.0988348113864759	0.08758256606937873
0.13970088038451986	0.07658928127705002	0.12816678274789264	0.10043127166714812	0.023253477702008002
0.10100574747206487	0.02539146849078636	0.05818600515763742	0.05191046818673186	0.07504479655912283
0.0605957372073203	0.05913779281752663	0.03098003573157905	0.07882432641243332	0.10195766950826672
0.06348849473679948	0.044816496136731714	0.19916725149622913	0.022321281524309993	0.050125852577814094
0.08198176622885571	0.02655322205399004	0.04498945409839618	0.08099118789095455	0.0652062828891073
0.1612681446367764	0.0488770551280221	0.11769869965903625	0.033124753700155975	0.042434521406256975
0.03411272369731194	0.0416062709725604	0.011060910118035366	0.17208016231768036	0.023167545662016124
0.035608488267572104	0.2826743982847823	0.03103294672821785	0.06544796103238117	0.06238131326411509
0.11421043495298323	0.08872999555824289	0.03867594274685768	0.10018445134881628	0.03913901009220478
0.06488125619668297	0.10963675362954162	0.011093205931318836	0.026973105036998745	0.03146895992823484
0.13548646337435727	0.03127334072611756	0.039981036867750806	0.04274269331561177	0.05785974130678396
0.019850251117667694	0.011667029706558123	0.007811052119922855	0.3645644149399613	0.06429576808014803
0.012939594484300529	0.031057155932487885	0.03134033471088877	0.031256196914735974	0.02590269718796241
0.03436783447064334	0.2923836971224705	0.06686665245875842	0.03192254610813997	0.09119981772384556
0.04188460478188605	0.022757231731781614	0.03458486200899173	0.05897348082292264	0.038754889647086316
0.18038502247562269	0.10472939652453139	0.029537565624799162	0.06028927850018399	0.1951122053575534
0.12338330284520299	0.20855275846367022	0.058631749307075036	0.14088827176730045	0.02863527918865167
0.0472545094111282	0.02106245756593834	0.025645142815066947	0.05325811253261034	0.033465721934529055
0.047563396201009966	0.008712837898220156	0.010397409524514314	0.5122343204865097	0.018778762782766023
0.05055932677430372	0.03182374834077618	0.1175054593667542	0.030603790057280818	0.0819602356273668
0.03356915772465913	0.25625214297229254	0.12037160133348586	0.020425929109312388	0.08130314001704292
0.05578492196078328	0.04357220597168843	0.05424247646453346	0.24272075027027615	0.023071670539733545
0.058431244227118664	0.1590333850158746	0.12941381466329058	0.0877333984589438	0.06289295958339489
0.03248589516650764	0.5238926815246101	0.04628992884228482	0.03481366208582527	0.04709401675788264
0.02059155182568589	0.017224811604687317	0.017319112017831283	0.018066417625188097	0.17979375358277658
0.10344468730025687	0.1545171844427103	0.04906685768369602	0.025544900260759878	0.05984202826234722
0.03982422557528781	0.0788433322359456	0.058634111078271274	0.06213912701046943	0.03619712500050666
0.21810244007114798	0.3934713820909201	0.044302529412084006	0.0680979553658244	0.01570171931689702
0.04899480063924588	0.02614704695802927	0.051212405280756775	0.029235800976934807	0.05928251961700397
0.043610190771182895	0.038666288561356676	0.0954715772926721	0.05458193245343315	0.15363656537603876
0.020758286013630844	0.02709376251890592	0.025699212026523227	0.04302525466977166	0.30550510091207117
0.03250699286350841	0.02414917853539042	0.07209960505854346	0.016249391743726898	0.023197642122679805
0.01803145000272069	0.3454893925403803	0.019607407616833775	0.03320249039649829	0.13198815579180506
0.06968659489133716	0.07209694500542758	0.027817208609605446	0.032750999449945806	0.024859353710918516
0.012597828887249616	0.013943369012706533	0.014393206083537289	0.07517946957690659	0.08777332155545924
0.04727178444397244	0.021268330904144463	0.09190086397777619	0.021490416914579837	0.03804232472537128
0.24026341926456687	0.30761263857359517	0.047423582532206014	0.02718434212451158	0.05141575693248499
0.04029095087053373	0.4142290381271532	0.028331809257865246	0.0632670632776598	0.023410276479927074
0.10963690524820191	0.2836788805766155	0.048168948941361464	0.07892614133527179	0.07380336380169503
0.07198172004279504	0.1142013025100751	0.22404858717148443	0.07068319541627391	0.11686638226658232
0.04924391052928689	0.016220482422130846	0.041976343244350595	0.048029424591284925	0.0626041042146946
0.060357637384986194	0.05296940315207122	0.028226064002731695	0.046425575714573036	0.04325676623714701
0.05321423148884796	0.03407786356067745	0.1958239069199252	0.028764700823677658	0.022787721442796036
0.07101555863659162	0.33671134514583184	0.018443878909014708	0.10083899059219738	0.06761596955171637
0.028967207395106418	0.06013837122345003	0.12810060789034042	0.03587535621624728	0.03149592848384129
0.050892967679375914	0.035026431435274376	0.029417288312320215	0.06315626993894345	0.04928410332859109
0.011855215476418745	0.01592960851201973	0.023479768186297253	0.04567341556851901	0.03861107274404886
0.06551145489564353	0.12521322425136558	0.07482395640954366	0.23754854892827598	0.022928264487819445
0.06926435959429976	0.0688060108855028	0.09659818730501982	0.016003101711622426	0.02056775743972979
0.012682239753485538	0.024113044935688662	0.03844931327151989	0.6714177193397255	0.035012810132502105
0.07027265974416358	0.1764954789707151	0.020867452681088212	0.10628831346720531	0.034223585444359515
0.0416967718879662	0.1271313391810022	0.19865523090981083	0.020742307646719374	0.07580544043662248
0.07433141364387462	0.08734845966318505	0.07941893995540153	0.07665023848726975	0.08542923659640145
0.09088722852613224	0.06113706281080758	0.06812545059125809	0.07102640364528333	0.07346527620503597
0.027101428574878912	0.022237514590801234	0.14507692323655838	0.1818732517573711	0.025660875556099205
0.08933612289736027	0.024501604841337944	0.025035971757439667	0.052320397577363675	0.26439005062473686
0.038002312887583274	0.4689798238461785	0.03382148932064395	0.04588835885693075	0.010998711173755176
0.1519535695896159	0.05795660329370691	0.10138173245069938	0.07909978249801819	0.21915440841776782
0.022830431950597342	0.26009275367513723	0.12675461178516798	0.053323837030136205	0.03624333961860866
0.03309901901693894	0.2662933902943435	0.03775880872999452	0.019023259656352147	0.01273634559784863
0.03356810414259	0.04714552231163242	0.051970334305778194	0.08564079316329917	0.07903505448944681
0.13666294154925332	0.10801380763031107	0.12849344385056266	0.045399717580320374	0.0606823902247885
0.0160051991482959	0.01125185994007929	0.01488840426063556	0.026631418354237	0.036937640883855205
0.06858036700541194	0.043512404066734074	0.06292381821665179	0.05806638665847207	0.06687039415282393
0.014951697536023684	0.01675757633432871	0.00978341945637716	0.08442362901045733	0.02547207930232593
0.19979718295753765	0.036944830306944294	0.09353445487897984	0.02954827979253343	0.04614776042970323
0.07881584209391768	0.09464157940347004	0.07717668246021991	0.01808930906644153	0.020380190978330947
0.032745749335923106	0.09603448776287188	0.028014629641189955	0.1919732496277616	0.04504762218129782
0.03663482620348444	0.022426829503463537	0.01972780809424335	0.03770299652501495	0.023384185743145963
0.02472325072432077	0.09067189622987824	0.04355469081637913	0.12472163453404381	0.04141000662721893
0.19721227832595334	0.2670462112893075	0.03004015213398176	0.0674279614531421	0.026941421488100532
0.059816105423165726	0.034892971979673955	0.046565692139013314	0.01970132175492764	0.07470249815419562
0.07477484441433226	0.04429251465361624	0.08078001223966608	0.2763201181427247	0.06589149419696552
0.04356474101407195	0.012415158224164018	0.020092658196887346	0.011452048803584258	0.07087432921095341
0.06459053954264238	0.04695751266506502	0.015274703536349632	0.02681177380721293	0.028987566668989117
0.08279941013632919	0.23280428162980327	0.04876238929985639	0.020198845549268252	0.03419918986074277
0.05584912513802071	0.0878660624107551	0.05042567951612457	0.03229492669929478	0.07205502763509991
0.04349842229197296	0.3161852058570968	0.026252488200627984	0.01749958573663318	0.07660495341670295
0.016782333212018632	0.14349444849359594	0.5739006851429683	0.025764512142966222	0.02449742414364855
0.10999054694752669	0.05153817971767374	0.05308855658571806	0.04626748188934522	0.04306496144158525
0.07692307692307694	0.07692307692307694	0.07692307692307694	0.07692307692307694	0.07692307692307694
0.1020237221939947	0.05855701121061697	0.10913549244867546	0.06862991517926598	0.07509987407943573
0.03896821222000418	0.012844445940714617	0.05476271921938824	0.03017112867821128	0.029857835305341945
0.10599299519188243	0.039326288099561346	0.025877482405957226	0.04245597113323519	0.07422419535363384
0.15050116475473846	0.027861682800175293	0.0845547139727347	0.023789203472278437	0.13433054224277485
0.04890754024520993	0.03741854321089564	0.03773900745817043	0.025425410975645168	0.10908697470441116
0.017993722540416656	0.03437179518518678	0.05055014755668736	0.01153862078902793	0.03165151934872505
0.1808111864654618	0.08599124356446072	0.06476897877423106	0.03065490910410453	0.014163663371873093
0.07891159304032984	0.2160767808553273	0.02620912985817932	0.05824693666742656	0.16282597021627726
0.051351585132495915	0.36959339803356794	0.034055617228231035	0.06000085417304655	0.036902601577417975
0.16004036557422688	0.06874609408722193	0.04984306850543811	0.04654440426194813	0.033000066557284075
0.01179055701990677	0.014047085892027278	0.12226753060974375	0.06672117191500117	0.017105711003824325
0.03444420341247901	0.01538446812590074	0.05022182775882872	0.10128173894675932	0.029225583219477345
0.15985297130907003	0.17042472263948646	0.014710008192757704	0.039927647303626336	0.01477432483427363
0.010680132395188629	0.01665259755881196	0.04836027277867965	0.015061095481865194	0.057226133141793964
0.0820378156006552	0.3040595324669496	0.02253260667127909	0.13745086767187115	0.025546449245275313
0.014325500743847818	0.010242735202684601	0.02595894771527684	0.010504580001943004	0.06315961116092357
0.033622215480293614	0.013099775790822409	0.02716328423435399	0.04223173008234037	0.020140554486384934
0.06628979738270199	0.20459615618481636	0.026381178502038673	0.2097088022522682	0.07011703043735659
0.043748024520327215	0.18072333774778676	0.023975662126570357	0.1348296031487341	0.01978675352162329
0.06043380561524387	0.028164830175881693	0.039197342193511224	0.08950175261186284	0.021777280834116664
0.05728478781138847	0.020588782536939288	0.05581484765050102	0.10975434397154034	0.15125848464053723
0.07055340324648138	0.22482706766989097	0.04095778799431754	0.12602900141790596	0.1153481977585672
0.04718050815725481	0.009966188051698466	0.021186271515463394	0.06732834459014997	0.06580958428847458
0.030788460997205596	0.06245061627207934	0.04040362245190515	0.03437860421925889	0.06390725108433143
0.03831897157993342	0.012258266931981066	0.0280007821137513	0.46575886774509595	0.009468910827319125
0.03836086288299043	0.025544298030383276	0.34731707586985866	0.12483613795020262	0.06256527857364855
0.12778339667962407	0.028228975974088334	0.028263004969248776	0.037403029462148414	0.024236833745206902
0.04340195749812524	0.03615706244444035	0.06933805117564684	0.07647267636316232	0.08113991645001904
0.029578269164701333	0.02613620905438407	0.04752903206714486	0.044689361488862565	0.1894114695343806
0.04964035900101629	0.03372114218685527	0.028699464930134876	0.019370205624276833	0.03177888999989813
0.04468037746960957	0.06655566815407034	0.09273397838083523	0.1381283009584086	0.032336868155247375
0.06561550734645268	0.037760974759841144	0.024406725742777313	0.09501297539955983	0.28923637956489345
0.19268045564542266	0.055303415942408465	0.08888709570245772	0.019063512517555267	0.021966235524537026
0.07844293748285654	0.011753902950494225	0.09955433103303324	0.07121898471311677	0.06250621100824709
0.061391550401058266	0.06379689663410272	0.0415209956508225	0.11179466025575564	0.08720632588444648
0.033492139794902856	0.027598394031719597	0.14883543204149055	0.15649777747162255	0.19604086375478288
0.06624749860815607	0.03778316796011451	0.06121784223913445	0.11544706048539462	0.03274967446281726
0.3348076715763478	0.08922531695919489	0.0381465705126587	0.07958847136011768	0.023495736136434017
0.04337469618471105	0.033661252880337805	0.007095367135241659	0.11734433727433034	0.01942990622108657
0.06882388119799009	0.029472169715431602	0.04430348392392509	0.03271135481344724	0.025108508212195273
0.12693315530123253	0.33897878188891123	0.10096295679207554	0.0656637144983358	0.042512000030610814
0.042776034008728724	0.02092625288275054	0.04041845886336196	0.022561344286109078	0.0380028416746692
0.022031400422065212	0.023732937606835893	0.040842126730406776	0.09722760827346132	0.04832331236988868
0.04937561641296938	0.024575042767800002	0.02386304694930129	0.02703131046356372	0.25963108595115536
0.032253869718549884	0.026480763780025885	0.10105941655498664	0.408255809004828	0.027187906601287035
0.027645606265932154	0.011766552041907458	0.032323923195536765	0.07697850106478926	0.01970416060416119
0.0787906314689508	0.03619570644449422	0.05472537259978369	0.07524055632694093	0.06663706589852574
0.06800686758287237	0.50151370851043	0.03098623804137361	0.05286173538299562	0.0278692305386676
0.06762679723316302	0.056223453173211	0.044290078517415586	0.030810687555986285	0.05361739335214236
0.08805435137038686	0.23415681037900515	0.022056093127556044	0.11359770415004858	0.1101148224240078
0.026114924380136326	0.010830033485240486	0.009155424431572473	0.7045915468719187	0.02213404599416685
0.01734704569273457	0.007198363741731718	0.0259864152945089	0.011105960057966838	0.47762883339317225
0.06323075281252354	0.020989014718439055	0.014624594503361713	0.10835840935510758	0.06038943384645888
0.07963815427572964	0.1683540104730026	0.022550961263420852	0.03242775010218468	0.02426114598209746
0.018492439962189505	0.5046612726587975	0.044253879048913355	0.012575110472928388	0.09187079690545405
0.05469902289719209	0.054374791143270554	0.0338216271957721	0.017716167711238334	0.04581674433432787
0.10951505776308268	0.2314367834175376	0.0616970105107118	0.16964624446427254	0.09218098345393322
0.04073784865620222	0.17599151178605546	0.03707718777815383	0.07616203555212647	0.045984657996932354
0.06771841290963268	0.18958859657983126	0.015263803939435714	0.012151511618177405	0.2842722192849917
0.21872953024102998	0.33774852641492237	0.013181161361161297	0.025874276420515013	0.05515309795998482
0.022497060459575013	0.1622027409596674	0.08613637454728157	0.02227465933745461	0.027073192667552197
0.03308232109794926	0.037223126885328466	0.047622672970483906	0.031199264621754062	0.05574389002013089
0.01631428701894125	0.019233976218356878	0.021002200361353654	0.5162684335923832	0.032157142244044375
0.28225469671949893	0.25494716044387333	0.019746385589367216	0.15728720863839654	0.037038264834375605
0.048754002391637914	0.04369911255127421	0.049877041339825054	0.08905829364653133	0.11040334527023185
0.20900013092232192	0.0761160352162022	0.041100415710447376	0.02294017351833615	0.015336395406775463
0.1294810249302964	0.05184981756256072	0.08884937957924569	0.14475956175818747	0.04411600017224278
0.04966265000222122	0.034614634612415665	0.045602402321763394	0.12813268878060358	0.02908153880505744
0.08793612087647205	0.07548845911057642	0.033517469020224955	0.06454174961757794	0.03066648211682819
0.022980316707192208	0.039611271657156215	0.061726844631458014	0.017510223660127437	0.08703475334545961
0.24011204265206446	0.1271888247839554	0.03489391421516282	0.07488741706159067	0.0575256594426121
0.012525043846357274	0.005842984808559203	0.03417341066343442	0.01631670977216847	0.06502860049045013
0.07664820926105795	0.029926442655210474	0.012835657053536401	0.02262178277505052	0.04577152441992584
0.012940057690403833	0.016102567478320402	0.01813607169775534	0.03303278013312352	0.04185907093242036
0.046468808572796755	0.30423097534181326	0.033509141689358105	0.04620847287422667	0.07860526730693489
0.03476920735571105	0.07775560615006184	0.07392649300978876	0.07414173203696828	0.023392423182529327
0.07449190053551931	0.1555863734498076	0.09411777953658826	0.19055832052124694	0.03197913605351506
0.04447343244924174	0.0928718388469829	0.0358043869489036	0.06042047092009644	0.08265849213370323
0.04985930940156732	0.023357581506599997	0.030487913985365125	0.2478644138399983	0.01685813087581934
0.1362979563518751	0.04830463525681256	0.030947985683613934	0.10491122072196948	0.012916818279225644
0.043968320565598115	0.04383049406237931	0.028570728122285942	0.02680490020106812	0.09646667970598374
0.01930076617336559	0.02233059094932362	0.0227566641750939	0.20921821084325967	0.019049571872046832
0.06858027660920177	0.12040907561189353	0.041428822945425284	0.0364341326815913	0.04304144012502713
0.10026112379637074	0.018862527536643733	0.013430971154657516	0.026691877030067163	0.2027895059089241
0.08304381138464016	0.015535107234472966	0.07152443401292999	0.07055139371026846	0.03379579088332545
0.03234254992523402	0.015389427754616053	0.06660854089851383	0.32035819240754443	0.05977106824232636
0.047090679771377895	0.0889745773129848	0.01887302060104915	0.07247236539241451	0.029946864499356254
0.04302762378227611	0.5199028805038691	0.05408132540317079	0.025459112644844267	0.05078351897169141
0.061450993614195204	0.05195843970010441	0.16357267411587886	0.022626850459029995	0.06673612162783264
0.06395803675802145	0.12326266415338466	0.13348865951025632	0.04593673192944845	0.05688050083773468
0.03889076676979242	0.03289979821111022	0.22543951193949965	0.05057169290307621	0.17567233597504658
0.05848658253227999	0.35207113043355953	0.09114850653789011	0.058880038054603775	0.04301958651671704
0.044363726433980316	0.4683317411871447	0.10583324856145566	0.024267559914094242	0.021337353334195838
0.017632688825642544	0.014821570574995	0.07124284107970989	0.045815601843793734	0.0184555051756981
0.1517439054457446	0.031015833259167763	0.07456780228251775	0.11084171964980646	0.1429223804140876
0.042351269111559765	0.048054481409716736	0.01949245542221703	0.05681243020087116	0.10725462160319647
0.05181797041708666	0.19188208049208408	0.03541598418720209	0.2506338985871399	0.015857972259093706
0.029573424008160622	0.033094983939205756	0.02053452249386415	0.23094167109243763	0.19738243839563596
0.03883045980860124	0.05321496872532906	0.025230895544848145	0.1529194731491021	0.13743226323583593
0.02900439764083541	0.08845504476420138	0.546262330006087	0.017362339235767136	0.03284721302496612
0.027052976501396115	0.021644081115459353	0.24517800361450662	0.029295146042137073	0.1465895492596038
0.08061054182264228	0.30971627503880955	0.0580431458386374	0.01463538800380268	0.042546718998738076
0.11936496115267357	0.06190063016427924	0.021645623120730883	0.017313269487979756	0.08652014716547828
0.041104460356075685	0.07043031399322924	0.05487532375270377	0.09682198153928295	0.11808091169613284
0.04357888461418744	0.02662257030880245	0.05502377427316382	0.19801465134047455	0.01700204335795936
0.31102687429543047	0.10924705634724935	0.02522064254718765	0.03445250258722217	0.04161369428357284
0.05043063772049243	0.10900173313583544	0.04176933125466259	0.03543885334258685	0.10662591226145157
0.044540701854839056	0.022918162401428976	0.04286636168920225	0.12095246555385139	0.022163350592675032
0.019089851860614786	0.0118627175685833	0.047018487927019556	0.057476407309327855	0.11345420044103072
0.1164176585675576	0.0781513555045271	0.03331801968244757	0.1339228962283051	0.04825593868251237
0.11247041652581952	0.08266114929810073	0.023676503547797056	0.0255333068602465	0.06484392493080536
0.12290058895857234	0.04227699294061823	0.053997768592949386	0.04745652809505233	0.04041365684762985
0.05486863189055345	0.026064526833446292	0.015185727464795016	0.031225716979452763	0.06075057093986444
0.04506295395511374	0.061276460197470496	0.02899949223225946	0.016645063880298377	0.029587982743599764
0.07758959658727586	0.110816385578256	0.04467462072434754	0.030779885335289428	0.04979135346902555
0.07038130718604872	0.06262424293837812	0.04130570874814415	0.08033456246122196	0.045576981773566165
0.01910113015785463	0.09084499583696495	0.08366455416882361	0.045410913810160825	0.05294847410383364
0.03676576768971421	0.5269562958830455	0.026301831810526	0.05543673321739467	0.06369789194610603
0.03602760992891929	0.12403477954222927	0.05514161036060493	0.05643732302142237	0.022710091712557088
0.22375271772155728	0.12512725883756987	0.029740126441455753	0.3566117456059758	0.056650562799155826
0.020027535984605528	0.011488713054880447	0.035606883164201464	0.012789970305030762	0.01436480023852057
0.1238250380003165	0.09167024016840586	0.06462396071342777	0.033568315508157795	0.03377897595752921
0.06174942288149265	0.05360247849850516	0.01734957764125119	0.08993154054784687	0.08072836288181988
0.13138658052524393	0.3312936415792831	0.048901834647367484	0.026326463910972778	0.09497364300409415
0.03276675075385364	0.03654549808224242	0.02952816254255531	0.014132239735415966	0.044231908782066544
0.02129684498891903	0.06481832828700722	0.035836258372350875	0.4837095249059315	0.02654618422950079
0.11180224257591986	0.015866664136558403	0.0270926481361618	0.13086626110240607	0.02747982930914384
0.049138152131822405	0.027601097518937752	0.08187906313664639	0.08890138417717501	0.03460165955594839
0.04235305341465341	0.06573981032926364	0.6141552645277538	0.02871155000490914	0.0228789749948729
0.027980248411823463	0.013803201734966493	0.06781413819017838	0.16874957648070862	0.008120112923845397
0.010684657200215997	0.014141041330587408	0.030398974617669036	0.045999982594683915	0.050922992016289255
0.08095855532654814	0.06426625642745365	0.01734223676407065	0.0339618623299571	0.10403840198890771
0.11049420233547053	0.14180267613703743	0.12277313859435451	0.06757215826164854	0.02878252506893105
0.054325410112133724	0.2790443781851523	0.057138182134858696	0.1123187595142044	0.07398751685257943
0.04855105837983181	0.0930306222080684	0.1999376709283094	0.030684237589789692	0.11946285959591334
0.10289620711667578	0.28918154571916216	0.06844814380166321	0.14737142193769442	0.01760587219624769
0.07258970756019008	0.10261382881781639	0.0974240904594973	0.06899872633251575	0.07118427848107835
0.008082360913309437	0.005845167197667473	0.04360399264701671	0.583936301936321	0.011846750345292815
0.022353721939404925	0.056794998783653676	0.037754011173391076	0.019401564278182418	0.3119664320544621
0.0769710213098289	0.025956052869306787	0.02540446162582514	0.034554811742200466	0.032315616769250814
0.02319676199840164	0.1044235469341208	0.08555718166666915	0.03543114935219673	0.042253770676337
0.05523412771023001	0.19007621817504367	0.13263311996642405	0.03213994044209735	0.021451157859133978
0.06753882259016142	0.28052999371079007	0.018942977313261132	0.04742241195103027	0.0598640444423028
0.20966187980213527	0.12119992694675459	0.09008717338580095	0.10556438011073929	0.02190288875830288
0.014333603800219558	0.13162733150230269	0.011148643039090632	0.08806621654524277	0.020411181135389863
0.021850748560283767	0.05116859395600181	0.15415258129064072	0.060268234932798585	0.023656638892993288
0.0692604905038853	0.028207776864994753	0.051394771031931366	0.03314571337051194	0.035018837068270255
0.042327878925341136	0.17430005375845029	0.07706483330722952	0.029725406874347084	0.03724752623936773
0.09890921975177717	0.206074154543165	0.04729646245439598	0.05326630479188464	0.031069470718512755
0.08730196557750854	0.0433736738495198	0.07269923535378878	0.039348084668364924	0.06937326757599932
0.04395012273465142	0.12184907517493943	0.11719288357096323	0.1049881421026095	0.01637598138007973
0.04814277009486085	0.03850553564357972	0.054053793398149044	0.049262125412387406	0.04875832136606306
0.05671346507544163	0.25220096619967936	0.05181631935083978	0.046099050327620024	0.05610636235262939
0.025968852971765467	0.021012284431182082	0.05471702154807897	0.1326035966050713	0.026746672147409726
0.03260408746115618	0.154799925071361	0.1647063939839932	0.031187143076624832	0.03286704339785383
0.11846145895987922	0.03889115607077398	0.020622705616227973	0.22756202139834233	0.06636799798354961
0.12873737673529992	0.03162165433958073	0.024995367134326135	0.16760987534211094	0.01755249081256234
0.021855038142785794	0.03868097946481901	0.03729636024840743	0.04787040126822049	0.02496549972748698
0.025777127384026752	0.057797112145231595	0.037227802439479235	0.4068475070286237	0.02132977737189204
0.07787490146840406	0.11760175721271042	0.022296263876136303	0.051084445558294736	0.09071312305530055
0.10928335237490186	0.46573676153335236	0.057677236342258714	0.06061179667006325	0.026664850455968867
0.0495363744370008	0.1074416836186628	0.013367471972124755	0.023035022096110695	0.024446729950195274
0.07037041226311103	0.025147405270190472	0.019158149023127916	0.03317493695545974	0.045888066723690876
0.024163070410501485	0.11164751317174167	0.04130624534582072	0.4138385566818563	0.04820256352532664
0.03339752026859112	0.021934422715180577	0.024163021234736733	0.19387671170901646	0.03902485591013589
0.07083866144980934	0.014549234625350712	0.01939759754262824	0.04732325030504565	0.17747108388131724
0.01932683006685004	0.35974509221205214	0.02920585156000332	0.014042065449422585	0.01738954918800898
0.03421075134212657	0.04447256336183888	0.08793396829493168	0.01718877087132377	0.021218565368985382
0.03510499829738633	0.2825087903716789	0.03344235967893103	0.05205595779751337	0.02317259348798408
0.019379532763895452	0.01956095582030389	0.02038045809837811	0.11386879009675734	0.05545993146212945
0.03297190508974766	0.016158276935558172	0.029185526042755656	0.5513315057873541	0.016222840592766664
0.09295730839365184	0.12091633624052826	0.03650310009728859	0.01753859389784261	0.24436844069287444
0.018907942736605763	0.032180471267040295	0.030189485464963747	0.05168585297225889	0.3478835690587892
0.027481856344433484	0.029927995762789344	0.04544961532707271	0.06065743103216407	0.10486308550252145
0.0712062989815323	0.04101627605244541	0.09735340336217162	0.032403809443693865	0.054731073412025495
0.04599616720637128	0.05879295801292129	0.21709532045951327	0.02849211596590455	0.016848914576610877
0.05097005111137648	0.3579532397866529	0.03762859534857538	0.06276855352864072	0.03661370107874707
0.07302123419706542	0.3234726979529919	0.10102265284887944	0.044752277038915204	0.018906361399353633
0.022268200675982976	0.0999501175702006	0.01892380763150423	0.023469997857639133	0.02391523255060076
0.020284921676818425	0.01288106421202012	0.021385973446022718	0.48106094240886355	0.023272355883403543
0.08315368269299211	0.06559725025304057	0.09569396243961341	0.050931629107553944	0.07714596829300348
0.08408889376990814	0.08374830197773402	0.07884442545865158	0.16512038691865527	0.015397083016940637
0.046847951703524175	0.1886490326841978	0.03333303529846376	0.0711497548750264	0.1170783808078012
0.03302339336572877	0.11018927444877971	0.08636465330440797	0.0695935227208837	0.08778310210896374
0.05160810026597671	0.039356230844862304	0.0923019056584553	0.05521852754507696	0.03608525868096952
0.018053740916062554	0.019213044341234543	0.08304993354575084	0.030327975901980393	0.02604408236428241
0.09555316669142912	0.2085802683397794	0.06431354939306283	0.09746130063364863	0.07218720437372875
0.06763549055665162	0.08086996459880631	0.08773279910914888	0.05644727669511387	0.10915036068671274
0.10565440747867097	0.0640617748520924	0.1531712635351774	0.053147206866081216	0.049009764240687495
0.060761797228961516	0.2878652287342598	0.04531416733224171	0.0466496636288053	0.054655387201380044
0.04971814945618479	0.10817548014636275	0.021429568331115412	0.03275940425251837	0.19565238256542491
0.10101481034307504	0.17362289151773044	0.07137320216275223	0.045506254972013355	0.052905389833618414
0.12562284706447335	0.07085434939203987	0.035400161908124	0.027967002361535865	0.023677113442059423
0.17746180407439288	0.05690991733637055	0.03559410808925947	0.04941803891207724	0.027090897389743483
0.06181552554273383	0.03923374827453012	0.026332452430677483	0.041355106106829034	0.038395763727679444
0.0543360797274518	0.05398077570310977	0.04831863198507671	0.07918440668387904	0.07936628233166935
0.1239320796465741	0.09724264581290593	0.05454101286276559	0.030296583703867227	0.0694958114066655
0.05615380606962141	0.06755613860894191	0.038115888642412436	0.09900850030217047	0.021875863187218295
0.021891036536039233	0.0514973152910508	0.034228578147465355	0.02576292469868566	0.12053072334598651
0.12337103955204051	0.12994078181208069	0.039553259616276364	0.1795058738418461	0.046854878230803323
0.04413902237567365	0.045047928091118176	0.15602688157546588	0.04366870428187191	0.03156404691433206
0.09093597199603953	0.09324264452319272	0.06818894600129549	0.04452555684575005	0.04548890003202585
0.013015226000784296	0.007081234229947711	0.11072035193810348	0.022997020929534283	0.07798382349517036
0.06833105101130484	0.028749754975120438	0.01955818263483207	0.015055853992522827	0.03642479600903867
0.04311046803643138	0.03570514482722999	0.05053165814900753	0.030402592587214866	0.014490967403321293
0.06826558490471185	0.05157482625823091	0.07026932783267038	0.044619290903728355	0.06971141041077344
0.05735112217589909	0.020731091538173475	0.01689881593359445	0.08997323125619132	0.026868729871981863
0.11576650909558617	0.09946211579626331	0.04394605051135023	0.019403180221570913	0.02035299363936169
0.0827811883902645	0.20454930665425713	0.09564934679721776	0.3198160263577485	0.019494160282943058
0.02300537932249147	0.5462109086865643	0.06844296956073054	0.037345367331439186	0.05120348468670664
0.0619569192654218	0.03166595966340692	0.06694392051545603	0.023403309429831716	0.10294749800808235
0.13742937372885305	0.05116716043318693	0.08285710744653252	0.07325081522137099	0.031177215662947837
0.055244046138990185	0.11908654977497408	0.021356679219935008	0.0415116017726682	0.08335081508580859
0.06416821036657631	0.06704787591575043	0.06910355903218653	0.09512126602801842	0.07947277526923228
0.1610635172576579	0.2712945595985767	0.1466501409379759	0.03559795515660829	0.023584114147035158
0.05376574443280931	0.05265772042464157	0.06475284936896046	0.01652533995950045	0.19105104729988262
0.0745922165565667	0.07146533455311192	0.07287125214556103	0.0712538473045997	0.0741935885726471
0.031998447994701	0.01282932492926484	0.058014457774256845	0.025742660380954387	0.02060104829931992
0.028115443424093722	0.017521153812805217	0.03193780374009767	0.6705999735351993	0.0473509065438205
0.03923995903192511	0.0485260331613177	0.021917200836660104	0.0726043572710877	0.051445567507757715
0.0997442371477201	0.18371250952193824	0.06735831048326767	0.11924901408332417	0.057030746014247936
0.05289679663695548	0.021079864896543492	0.046954733845860026	0.037061384883708436	0.024132705674931774
0.08842561030775804	0.0879287163224407	0.0692420301947629	0.018228318346781135	0.020247342979906175
0.028312649811430373	0.02386211841837726	0.04101391219221284	0.1581246211971563	0.09784134529181807
0.05043063772049243	0.10900173313583544	0.04176933125466259	0.03543885334258685	0.10662591226145157
0.034253850141077444	0.06329711682406844	0.016599577747290005	0.04469369854274251	0.10402380113677687
0.024021484447631535	0.04157981608700657	0.08118232381428936	0.02145989380181931	0.01977141934905367
0.042704963629663154	0.07463867602160972	0.04620894052742595	0.056458492004646844	0.061837141365487985
0.07521896887168948	0.06118892541432064	0.024560169185142956	0.026587266694936062	0.032789284944870746
0.024877106121411394	0.020730833844636955	0.0831241119901136	0.014476299618799638	0.12235386762606802
0.023977996639463334	0.11219441803426823	0.08674589733110201	0.01808847295145705	0.04281844084614611
0.09429573726138096	0.02571816287532227	0.04280384916599386	0.05543340505495637	0.024736139463627557
0.05589725589539427	0.40909464901871845	0.055787545015497014	0.0215197011907395	0.03374810558847468
0.212576347817369	0.10176375737063266	0.07358450326555342	0.1505474882241015	0.02533065981217261
0.020484266083136225	0.33626527041828436	0.03829490654635416	0.09894870101499417	0.03975831005347867
0.016199321227038172	0.012837162309883106	0.021253560398424413	0.020774739245231523	0.07283075982113973
0.08554918236648061	0.31867410522325657	0.02444135352573261	0.09781036397315311	0.06575522287505452
0.05015488350358978	0.049311929971994524	0.030644722740461882	0.017343352822162036	0.16556645196360398
0.06995102092597232	0.07739011298349464	0.018986510024958388	0.050047375315101804	0.022818341854919044
0.013803014098135974	0.33217664076285286	0.023011363830302962	0.013105115914506976	0.013085056377617492
0.17021563807062803	0.1630629855123375	0.11356254769885862	0.10901937143140579	0.04367410901371636
0.008691572973414732	0.007385322531395007	0.007236011318319669	0.013871543099383401	0.010395362199044769
0.7119148708334617	0.08621004838764257	0.012263546067785772	0.012007918174414345	0.015887177973061467
0.8684932399353695	0.010477140795824276	0.010087995689055647	0.010394541162537196	0.014850228244325076
0.08706784126869062	0.03848057108260549	0.03308586455656631	0.08890831401653229	0.0667482339146666
0.006633349698803342	0.005262662314041925	0.005747664006800869	0.004788365494388904	0.922020302676512
0.028320530594294423	0.5658687983743395	0.015430998634337658	0.02111121838717733	0.023588594792895393
0.013026925739236868	0.00811795584521913	0.0120418390285861	0.005552608228377459	0.011614210576641696
0.10954939585197013	0.10413897114995822	0.06239079298586426	0.06755349315910585	0.08047054212681601
0.07245368058750676	0.012498972955903374	0.01783154446892438	0.02387715482753944	0.04389789102374747
0.021366927723662266	0.10653598604984163	0.0091017212020492	0.01993821689481117	0.00890394485763007
0.042795713345389993	0.044158992957472575	0.21211678405149967	0.08767986441877126	0.09107469951835609
0.030306422357251228	0.025309514212182742	0.02606410764887981	0.021871752640287522	0.0277171565908439
0.0528518826239681	0.3102968110201776	0.029892030162884144	0.03800166872231239	0.050502978701509355
0.007579300782948857	0.007905457962006378	0.006202518001644068	0.007749986087140883	0.007050427979476334
0.019913059958906108	0.013025458685290228	0.018743860029460876	0.014531258302246707	0.1069268471324556
0.33874807254339906	0.030280555724493993	0.04515997159081331	0.0644580827298607	0.0690694112862778
0.018827198183712434	0.06295614777737199	0.01812639335877345	0.21557261327833235	0.37448674668949283
0.03769075591836113	0.06312592679537277	0.049494420639669294	0.026157503281928157	0.31613358539083447
0.03316093509258459	0.06829197947963557	0.1580000707266829	0.013185370126907656	0.10012711772147426
0.0073521290991025315	0.0059081742367053216	0.913684649302094	0.006458563145341072	0.006387913428033664
0.01269508821615262	0.055404180478026886	0.024231712658314565	0.010260343524714216	0.016012029447055105
0.037834068191442846	0.027190604796414147	0.01997360407384024	0.08651711842405872	0.3930029934953829
0.07541609679494975	0.01116681276046455	0.020052035134324808	0.017579653451872686	0.01702150031465969
0.04182032355769249	0.032400483504888535	0.049152321632993434	0.04975759861373002	0.039364310966829824
0.12897449189516777	0.04408620734859477	0.03401952896725586	0.07651816615817827	0.027899598790713433
0.020261429924083193	0.014143846847982516	0.08272869837595465	0.013812156988883342	0.01149413900560301
0.0876393823704319	0.08328937850997555	0.17203479343592612	0.3864895492413274	0.053002891055021914
0.01755698990693675	0.029159610697085312	0.023149509399461678	0.03164803100641009	0.021197715016735647
0.02570222566544516	0.019631140992445895	0.01732472907683644	0.025155654013137033	0.019636130804696117
