0.000904202793553633	0.6270020973524326	0.0009071568664868775	0.0009064671176707499	0.0009079338980091158
0.0010352553410842126	0.0010389137278775092	0.616052003006055	0.0010400241085097067	0.0010389128567438993
0.0007764394271135098	0.000779966282439216	0.2976413795993634	0.0007788592055523452	0.0007790021278274872
0.00036260432075181295	0.5955706984236977	0.00036435180994782334	0.00036409075990445156	0.3354893872677081
0.00043958320607621	0.00044165988540065086	0.12782076767017428	0.000440601869829711	0.00044208403312661406
0.0008503857018285863	0.0008542326898131069	0.2291248076677866	0.0008517097119836724	0.0008536237754866178
0.0002181145517951432	0.18682239005746207	0.1855521608782858	0.00021880101786010185	0.0002190051230375628
0.001180690572132433	0.0011857420159845414	0.41898737365163163	0.0011843648900743103	0.0011846337351106731
0.0003625993240614358	0.0003639094702677886	0.5111314650233167	0.00036347168210165703	0.0003643611962764219
0.0005310937629950292	0.22567120395461077	0.000533180807308032	0.000532514614887445	0.0005337558777990934
0.00025602996739517	0.6379684296759955	0.000257257761695631	0.00025705430530335177	0.14936448708373992
0.0012107212096731808	0.0012166221763490032	0.45855945211356186	0.0012130948059095095	0.5353721161725312
0.00022013107642599247	0.8314239071101138	0.00022110481715180202	0.00022091997090941193	0.07103546519274469
0.0014007061949606989	0.5490492783556268	0.4439278583994035	0.0014041886907289547	0.0014073460366792307
0.000564680645589219	0.0005672475178447181	0.5372014612903742	0.0005663970812938092	0.0005668926246827729
0.00046995115888159676	0.0004723510853759723	0.00047204181124864316	0.0004715109131678165	0.0004720614601580545
0.00020978689234822553	0.03139003742338039	0.43516704470875184	0.0002103311492412341	0.14785785130962445
0.0004826503216028282	0.00048476475113992115	0.0004846700434793522	0.0004840235388714386	0.00048535793457275963
0.00042267670651787283	0.9974562806187274	0.0004241298349337334	0.0004239289224601284	0.0004247082559438749
0.0004608562029239347	0.00046287568666875296	0.7838537709466971	0.0004628702817418713	0.0004624845974194357
0.0004226756469553307	0.9096213509802932	0.0004243977177078219	0.00042458976715051386	0.08825901100496071
0.00047780409721967016	0.000479662659940203	0.43992749890032895	0.0004787181151562768	0.0004791376729697496
0.0008873668084396882	0.12407597329979311	0.8714741966238446	0.0008900425496332926	0.000890313541577606
0.00020093377690711718	0.00020169223698127088	0.9681269412670322	0.0002017483988665192	0.00020195976122189746
0.0005952718664947543	0.4052985832029599	0.0005978745730599511	0.0005971091111231707	0.4175970242097153
0.0009990514276059694	0.3369379845299614	0.09478960857767298	0.0010014658206521365	0.26757102546053535
0.0017212760553366783	0.5025328428806873	0.029064713010977013	0.0017265295198997618	0.0017282669859642644
0.0006738929651771814	0.1537902391281136	0.32514155534453343	0.0006762391524721616	0.026240404234249438
0.0005714615413678572	0.19805416449155924	0.12305841614037025	0.0005727810923756712	0.0005741887454294964
0.0019842296040900828	0.001993447912301925	0.1311541603199962	0.001989570280209423	0.001990644585223559
0.000555889682876839	0.12121375530470328	0.0005581254711600201	0.0005577664123731942	0.0005584374918362787
0.00041052665760402075	0.0004121620195456941	0.00041224413426394315	0.9619625989326323	0.03597845620778227
0.00018061014437482513	0.00018112607034302284	0.08037695224228562	0.00018099864003819722	0.00018103967798222597
0.00019651380010673525	0.20452682092630756	0.00019731616480119597	0.20751473438629883	0.5012134170045363
0.0009921131927072293	0.2793127299465065	0.16031369415812857	0.0009932120089574644	0.0009954126381800567
0.0005855098566277869	0.0005882123233918271	0.195607661900969	0.00058680004851183	0.0005872349412434271
0.00041290434715257184	0.8639087524867765	0.13402094043349283	0.000414203913217311	0.00041459032485189836
0.0004478504081834816	0.00044955932037269017	0.1003740959382148	0.00044899560710429906	0.00045001352340055036
0.0007599160543949227	0.0007635155992499761	0.7237759600050718	0.0007616128166557924	0.15462730015644732
0.008403628651571212	0.008429328909608874	0.008460302488490173	0.008440472527847418	0.11791819332304904
0.0016052160687616288	0.5451041373820046	0.0016126267661095888	0.0016084843954018843	0.001611688651933457
0.000401301631023547	0.00040253279612927507	0.8228121391203022	0.00040267744089115366	0.00040241751486673504
0.00021451242471512872	0.14858538027147397	0.0470736284152949	0.0002151388056865365	0.5262937618665409
0.00042519198935528444	0.11619402967039565	0.24739423771908553	0.00042585915317776225	0.144793508888332
0.0004535375128490304	0.16218223558685302	0.00045531398611907886	0.00045452098327400647	0.00045565458761813357
0.0003119327380436794	0.3850868582729805	0.1216962957011511	0.00031296049399523826	0.0003133475114513011
0.0005977580108644938	0.7195985138661631	0.24063801524198863	0.0006000404901554729	0.0005998059698009824
0.00034096535178333644	0.6980060841116145	0.0003423540667505726	0.00034170498746388385	0.0915980172049518
0.0011905457100316707	0.2909197966665808	0.36319121905726487	0.0011995907363747554	0.0011954460185462639
0.0005310939556368925	0.0005334107242880304	0.0005334536450113105	0.0005326474806203627	0.125760589598792
0.0017637687087046908	0.0017698765245694665	0.27428473979905493	0.0017690060720234818	0.0017722135143789246
0.00029335530194407345	0.00029468137333199697	0.8058948213013468	0.0002944933850583442	0.13748834933541024
0.0001305892362984428	0.00013117838855190245	0.12648780655133227	0.00013133519831919446	0.00013116430409001938
0.0005102312435432519	0.22272565354041926	0.0005122450204757003	0.000511337711461167	0.17531338716949468
0.0002073528043697867	0.6251383368683041	0.03314707323773168	0.0002080653389819904	0.0002083531252804233
0.0007072482832801183	0.0007105838981172821	0.0007106097115944927	0.0007098362142233633	0.0007095558145036466
0.00040470639120444504	0.0004058100658480017	0.00040600051319988206	0.00040544965429321396	0.000405945727171667
0.0004464514478867298	0.2649473801826377	0.00044844729265350233	0.00044877500218484144	0.07256097788267275
0.14285714285714288	0.14285714285714288	0.14285714285714288	0.14285714285714288	0.14285714285714288
0.0003527520377081806	0.00035414549418925136	0.380957697523085	0.00035427389505333115	0.028998386517124688
0.000411714790167574	0.5942894790601265	0.0004134168424245613	0.00041273592838749455	0.03204038647945115
0.001171016469266276	0.2622450956064521	0.32799903432123684	0.0011750127239813263	0.0011750630746738613
0.00022785497636966238	0.2283128872106919	0.008462520774805922	0.00022850923832852516	0.0002287353265532858
0.0006349563680008347	0.3608910773331676	0.40955254209751923	0.0006367350901832342	0.15143883859598717
0.00046234675434881825	0.01842880721360213	0.0004644035754546535	0.00046380011696219286	0.4710779303290561
0.0006583618894413032	0.047398238560817575	0.25187203931440083	0.0006605233068125076	0.17820367334561088
0.0016612071552798066	0.5028982649835118	0.0016681067461511753	0.0016685200577557444	0.08473546077374777
0.0003571625862490927	0.3782768451659677	0.00035887554757461074	0.00035840064372010336	0.2758530801551919
0.000876461854423147	0.6709670367671571	0.32463777063445026	0.0008791014653396933	0.000879823781920357
0.0005831192916245248	0.1334556630408922	0.08027845849967442	0.0005846573756058451	0.3463361409120582
0.0016807987992270837	0.3956600981780702	0.0016886460025638437	0.0016848961495022588	0.0016886002689286922
0.001050480177733876	0.001056645500676806	0.0010534770549902577	0.001053524238101432	0.0010556651343250616
0.00032692308628639536	0.8990939850904145	0.000328299908544038	0.00032777799014149545	0.0003283959460833017
0.00043292356750327353	0.13075292396138566	0.8670754449483339	0.00043421504902679207	0.0004343824706162371
0.0005233123411083675	0.7571209683223777	0.09735179632287747	0.0005245537414468427	0.000525413724484066
0.00037497408737239044	0.1692977823707461	0.00037623387253014846	0.00037614424621688387	0.12698845410361914
0.00021451162082795954	0.15633267028094858	0.22629693402725323	0.00021513876257525083	0.06330339066382452
0.07143102536920762	0.07151246266622738	0.0717449348757312	0.07155670136427443	0.07152399829432048
0.0004684102386166216	0.20340807584417914	0.5299424002705718	0.00046988962713641645	0.026088918759932387
0.003105738615619435	0.5714374844319772	0.003120479063424746	0.0031110586281316295	0.003116307165378927
0.0012531707663734366	0.0012569570852522072	0.0012571686454171168	0.001256005085932995	0.0012570204477218212
0.00039795275714766366	0.00039990514365843626	0.3119193768898438	0.00039947574423583306	0.0003998907079247219
0.00029950847184581994	0.3669996483067768	0.05600063120362749	0.0003003985404501281	0.207896269999597
0.0003571614900443361	0.6461047110801997	0.1753141418858821	0.00035862221964341187	0.17714813478864935
0.00034930178678820587	0.4904359869780438	0.15809441583505818	0.0003503051543569074	0.2582420495315327
0.0003914123185366466	0.6541611993665869	0.1372733489340158	0.0003931350210501429	0.09535616037552772
0.002100954843995921	0.6470524698277066	0.10672928197317985	0.002105735205328136	0.2377952746040557
0.0003239548997638116	0.4352401737529087	0.07229678771699995	0.0003248201158986043	0.000325161031664205
0.0005691815922804301	0.6790245670704019	0.31812189452305495	0.0005702215714966403	0.0005713504732057758
0.0008929048838787479	0.08011706560242482	0.0008961416720748795	0.0008967313006524017	0.0008970755457274668
0.0006028058999030506	0.0006053568102618884	0.34521944774358176	0.0006049049953026023	0.0006061076430263518
0.00048102268913703254	0.2114510984612606	0.0004831170139203913	0.00048311897600861897	0.2384533229146553
0.0009158115230460546	0.645422007983492	0.0009206518059043436	0.000917766749794411	0.0009198909599579206
0.0005473727383718856	0.9967044302639196	0.0005492299143948061	0.0005500471739385655	0.0005498928001180174
0.0016234655263605007	0.0793343044291481	0.0016315842093158279	0.0016285662115515915	0.15162549217971746
0.00027006371521572347	0.21398105888517005	0.10633229511985551	0.00027098186698135064	0.0002711312662635673
0.0004995227205667472	0.0005011976674389785	0.6338125125089645	0.0005005880521412178	0.0005010957001707102
0.00048264599958086873	0.000484287052902748	0.4713611710323107	0.00048372478035885706	0.0004840572609300185
0.0013228187445409629	0.5680462295377368	0.3717269694682144	0.05492070249911347	0.0013291638379960312
0.0006901647143947564	0.0006935778196203615	0.0006924679859507236	0.0006916730640064556	0.0006928244783392252
0.0002319242953288658	0.42438953975385424	0.00023291338485255072	0.00023275177977186753	0.5744474208607404
0.0007072491760705456	0.1347202042714047	0.0007100338184874701	0.0007093637031911976	0.09824130517063163
0.00019842299769179554	0.6399316204995695	0.00019926154337474348	0.00019925651737208097	0.35907262406095986
0.0021323048852405447	0.5117880033374089	0.002140509423964974	0.0021401661399743505	0.27278096678720565
0.0004214305878298289	0.5774048067641849	0.15964499643041002	0.00042317643667450855	0.10320577580037281
0.0003014039275865328	0.26531514760724667	0.08414602048596613	0.00030296998417900527	0.4397558891926058
0.0004117169981750991	0.7670001632650898	0.00041334861824705496	0.00041319089021691496	0.00041367962706569095
0.000845350492666224	0.2834368237879383	0.000848837973248545	0.0008471368356493696	0.0008480768150326305
0.0014881658813224994	0.057337671376022005	0.001493951136316909	0.0014910940777493906	0.0014951911606865915
0.00042646378933654364	0.40132969461083845	0.04078546629355434	0.0004275786509071389	0.0004280730406132696
0.000506620372088349	0.794230436959302	0.0005089614507418749	0.0005088112173410946	0.032226400470090295
0.0011338401553391373	0.05197872894992424	0.001139560940513041	0.001137016811881771	0.0011371251538269606
0.0011429195024182741	0.7320035197350914	0.0011468507155740146	0.0011457026013447762	0.0011480552417326882
0.0005473779013292152	0.0005496456444252409	0.9967058637784637	0.0005486282860239493	0.0005496308809895332
0.0003562706060772926	0.00035791494477785234	0.00035784915144106247	0.0003574888631820378	0.4997380471907996
0.0005624538604580803	0.0005642005726453178	0.0005649996094580573	0.0005636185364883379	0.0005643081919393465
0.000183395531747984	0.8867206566703708	0.00018411042809029227	0.00018389447838779749	0.045461173449892825
0.0008210513447846027	0.0008238358478494027	0.0008249480904298181	0.0008233541788664832	0.0008233051924240591
0.0006053580989661142	0.0006079221643038767	0.19597233706318692	0.0006075780454750689	0.0006083435932987899
0.00026070222508064935	0.00026178727922614707	0.000261534457539378	0.0002616724845046117	0.04739181589173957
0.001808435659959257	0.27552403378545426	0.15598422675321394	0.0018144325952185046	0.0018163897965668696
0.0003484484384561972	0.5428176367734204	0.32518709899463255	0.12048864302992372	0.00035000235824032513
0.001904850988409047	0.45543516746266066	0.3315877450500832	0.001909293586705742	0.0019110604823718595
0.0004593733421389161	0.9972352715322212	0.0004618887469087319	0.00046054668113295266	0.000461042709856717
0.0003635220607619997	0.31001330474802	0.10798698107494631	0.00036435436164308527	0.00036453691713859656
0.00042267137526239115	0.000423921833057489	0.06075634461996081	0.00042385199908267	0.0004240518972872755
0.0015198228795731362	0.9908615513598412	0.0015236091506810434	0.0015230557736380266	0.0015254891254253959
0.0010060985214614122	0.2916635018319818	0.3487344601103864	0.001011150726920293	0.0010094686586267305
0.00027794639501663154	0.3009200959638991	0.00027907242327504354	0.00027934686428540185	0.10625697430288002
0.0005370855976015923	0.3035846616680705	0.07756273803445296	0.0005379821253482696	0.5176581192679487
0.0006377723567132524	0.0006392971261380042	0.0006398596215255232	0.9961652288471364	0.0006390660796411844
0.0006105337935447359	0.3188022141827922	0.23518653820496316	0.0006134909154346798	0.019938079093065567
0.0008453630184936605	0.0008491142221707794	0.0008494881612326862	0.0008469460298474131	0.07983303574838249
0.0006435423081398037	0.0006464251570619984	0.8308343407239658	0.0006463854179071246	0.0006471975812803484
0.0005271750811707257	0.0005294019181339559	0.1358245090148946	0.0005284158991081773	0.000528957012718813
0.0003119310054819156	0.6107337203477096	0.031583620321636044	0.0003129258247436517	0.00031316430528174747
0.0001992531761215881	0.4168954734628013	0.00020002456208700523	0.00019967314029926107	0.034822803275089645
0.00034342338234349213	0.00034469842942624565	0.0003446693880873942	0.00034449923484728426	0.10581825394048339
0.0007893061595062546	0.07209731062421648	0.139380584966483	0.08170347016785792	0.0007925803665115071
0.000904201209704714	0.0009075656194371634	0.0009086469564742562	0.000906179997318122	0.0009070667021002795
0.0004105291915383748	0.39709168695948543	0.08804970478590732	0.00041158277387125106	0.06977715625691391
0.00042773675872796794	0.24348689507912102	0.0004295577302347521	0.0004288672473197467	0.3572544511466512
0.14285714285714288	0.14285714285714288	0.14285714285714288	0.14285714285714288	0.14285714285714288
0.001605221265459066	0.4340689169771527	0.001611542706913344	0.0016096564595034567	0.0016112522937669106
0.0005157571675098165	0.5201331187605222	0.04741951454738413	0.0005176548789526937	0.2960747142290948
0.0008117321153791584	0.058372838817202566	0.0008158221077529215	0.0008138595265689442	0.8147658461436932
0.00025695293759935017	0.9984524911329972	0.0002583033054474715	0.000258249766242035	0.00025804967065671175
0.00047780822594459314	0.2702997885870936	0.31241567621273475	0.0004789976693643116	0.00047934549991448047
0.0008210586915772289	0.9950532037562567	0.0008249635485351388	0.0008241077547006941	0.0008241304955773866
0.0004395859095149154	0.11840096310743467	0.27263614947583587	0.0004413414778529769	0.06812247010852301
0.00038097444534562584	0.9138263654382828	0.08426347724274061	0.0003820945444899851	0.00038235134098659704
0.0005624621418914045	0.15874762698260178	0.07751905161410637	0.0005640745485806626	0.320717539515121
0.0007215368612716662	0.04885215520062206	0.8091234264359619	0.0007235434475560606	0.0007243047117988574
0.0010352404942103462	0.0010387863493256987	0.0010400266396642364	0.0010375083520532203	0.0010380664005029258
0.0001779142524381229	0.3004554395963395	0.041619366976864546	0.00017857393566684903	0.0001786723851319829
0.0006079333974354217	0.924984845043624	0.0006101760815862574	0.0006088549662546423	0.0719686715048231
0.0003434246220408468	0.0003448942612546541	0.0003451983804265535	0.0003443047117927288	0.0003448083001607846
0.0014728266133515122	0.715048191997975	0.0014802477851075422	0.0014765361334733462	0.0014794894634694087
0.00014272158945955937	0.6171340641526375	0.0001433333167629656	0.00014320573859631853	0.34670856470300077
0.0006644868544559362	0.7312083576040945	0.10788546119627915	0.0006662687375650789	0.0006666018634632138
0.0003607683546692785	0.4440058744628054	0.0003623223092827209	0.0003621437066187687	0.21398874804914633
0.0003014012144699984	0.7605052782327313	0.0003024715038878411	0.00030253064009785993	0.23798319479977517
0.000435569300589407	0.9143505318687113	0.08346529924563288	0.0004365418791870617	0.0004376762704569627
0.0003536250470444504	0.0003551081880493659	0.15717709854723713	0.0003548622747640575	0.1432740270924387
0.0015038507939052889	0.6140070449156472	0.001511820625991988	0.0015079067162392108	0.2819744079664803
0.0006266013198333696	0.0006288568556387043	0.5651177191376093	0.0006282852283450725	0.0006288885676701271
0.00043292343602753514	0.17954827873247117	0.2719199623898993	0.0004342828610738606	0.0004344579246500146
0.00040935638438699905	0.7761990338506631	0.0004111638806427083	0.00041066563634537705	0.0004109789138832895
0.00037695109317034887	0.2599114647532867	0.5625104896122246	0.0003778750010377046	0.0003784685304955131
0.0004762168835409955	0.0004784250062722511	0.80502461144361	0.00047748494855558583	0.00047788386664720633
0.0005452800352226446	0.0005474140314013463	0.5246359869375888	0.0005467135733056134	0.0005472626097858183
0.047621087197651665	0.7134737570059655	0.047870842927862575	0.04762016558748759	0.04780093721640374
0.0003484501136195657	0.000350037003578379	0.39708702054381434	0.0003493598031949144	0.0003494780925515051
0.002304245201196387	0.8429171259310259	0.14553209482676094	0.002310871965367811	0.0023132114401451663
0.0003052660608064129	0.47291898841498214	0.0003064891601080757	0.0003061276231052773	0.4410654712688579
0.00529136516856499	0.2412196872080632	0.005313435714008839	0.0053014151546584955	0.00530890107979543
0.00031889491764509274	0.19409727832159768	0.1257646758068735	0.0003202742461311706	0.04432187135651286
0.0003691595189338022	0.2855408357318975	0.0003708176516916175	0.0003705394782607875	0.44056415149014283
0.000343425625224155	0.12732477622592547	0.06391346262278277	0.00034439954063018597	0.4248529502767379
0.0011710131796732403	0.0011755947550743959	0.8750029826339756	0.0011736719774926075	0.11912600585067253
0.0006738878080685632	0.0006767492649543136	0.33662310326778966	0.0006771772936904622	0.0006760648620881374
0.0007639825830695875	0.0007669873794806757	0.0007677859035622941	0.0007666392479343679	0.12591707519061648
0.0007179102802538053	0.0007208347714116208	0.8095495126214604	0.0007204538832547219	0.0007204722434416281
0.0019570376231002346	0.6922634094876476	0.0019662264244564936	0.001961776565582656	0.29792528874614704
0.0010741697333392663	0.19503789452717604	0.001147640628605112	0.0010784452064044048	0.1554734538006337
0.00038507894498354976	0.12775823802962147	0.17807804214760087	0.0003863875032376135	0.15604848415734485
0.00022785347685724174	0.7986015950806984	0.00022869092422170243	0.00022840110255579514	0.00022855570607134776
0.0009461181175888725	0.0009499519389126456	0.764244863129428	0.000948429179170926	0.0009488565788848428
0.0002784891268182606	0.32991633065160886	0.32525790246961894	0.00027962907572538575	0.0002796772354821671
0.0003935643003242329	0.0003949568640883193	0.40886752669742066	0.0003943978216951874	0.00039503761690625
0.0007107668746027226	0.710267874557852	0.0007140042318430362	0.0007134434635599587	0.13651706537530975
0.00018798080792238803	0.9047776054055593	0.024982190253756625	0.00018857212682309835	0.0694855893229259
0.002747416827346895	0.13305379836067446	0.7949777724053553	0.0027562839058722973	0.06095070041309788
0.0008554753972231643	0.0008590759740646423	0.41277978263704357	0.0008574818273815957	0.5792908782105002
0.0008117360390545222	0.4635608517511701	0.0008152508646953068	0.0008141969859801457	0.15273322997860048
0.00018872285896720588	0.00018933260313382694	0.017479048629475444	0.0001892521688238501	0.00018927977609764547
0.001090571285192735	0.489083875310122	0.5054463497779685	0.0010935420719902576	0.001094300315595037
0.0009852705917347679	0.0009893923740448762	0.0009894700749639694	0.0009887469186098106	0.7710130435850245
0.0024631736124524368	0.4986655464167281	0.07901920895611315	0.16942900277740164	0.002471974931394965
0.00027687072429346816	0.5725475127857658	0.0997353584273783	0.0002778030074135031	0.02191862691509202
0.0007215396160202332	0.0007245344042385838	0.36934965155423544	0.0007234435727215802	0.0007238350485959061
0.001066157054184055	0.0010708064144513074	0.0010710423613909741	0.001069937906745471	0.061449876421131686
0.00018847756778048153	0.4324619530013337	0.11192786166229851	0.0001895542975239721	0.00018936158966711
0.0011521296255224832	0.5875741974025408	0.0011573858380619327	0.0011556273551439561	0.00893998629924572
0.0002006527965161615	0.30269062029378635	0.00020135535525258618	0.00020127405080172045	0.11575744489423756
0.0003417814490626181	0.7770845824543836	0.00034329141563784035	0.00034282861270189534	0.000343028238178347
0.00021515789042030186	0.0002161151632839643	0.3265689466432573	0.0002158904746847418	0.00021619871681445067
0.0008764717038425885	0.6828832145374952	0.0008805107255396238	0.0008790254909905218	0.08747334916734759
0.0010427959088342305	0.0010465543132780184	0.0010483814518224455	0.0010452390670533075	0.001045438484777137
0.000978518785945088	0.0009823037846469745	0.5392040337979883	0.0009816039873099835	0.0596744811939239
0.00020497025660739325	0.748459325105148	0.0394056939214674	0.00020556371389081926	0.206828231635895
0.0001984226387361476	0.00019924720114479328	0.00019910500796298076	0.00019911158944580288	0.23702999105469577
0.0006377849140484614	0.4645671321094339	0.0006406966966895581	0.000639001957132684	0.0006399481687068721
0.00019981071345926668	0.08504606309606516	0.4166794966891505	0.00020038106005952015	0.00020052551258292989
0.0007806808694937144	0.20051482707993795	0.19039964902323045	0.0007838612325621901	0.16501460029430323
0.0010989531000865857	0.0011034390513616538	0.7017869698806748	0.0011011061660544355	0.0011037479536247841
0.0008403758276813407	0.0008434977870281236	0.6992978624461359	0.0008423968822236143	0.0008425987742771615
0.0004762136897807911	0.62255694501416	0.00047813406997838194	0.029361820100400282	0.00047848239053813104
0.00019490411839508725	0.2996699900179811	0.18865640106544018	0.00019549680563539276	0.0001956795316496194
0.0007003166580123602	0.74537022357971	0.2210962829011719	0.0007022813901787524	0.0007035500583477075
0.0008711525174849859	0.0008758731922707349	0.8408141646572366	0.0008738051502842171	0.0008755239837438706
0.001428648522236075	0.8148141188615793	0.0014345731565495307	0.0014327553029030238	0.0014338964024121893
0.0007680870741383686	0.3917629501739688	0.0007711493068681054	0.0007704858000074667	0.0007703478423287027
0.000489262593040038	0.6534995623069725	0.0004914122943069268	0.0004905506476053608	0.0004909264548926393
0.0001813005585631759	0.04589689527871499	0.0529541196006914	0.0001818937230926651	0.5786830323995292
0.00045353141893955223	0.00045488919831548235	0.32583304530611323	0.00045458592492929377	0.0004546103131006416
0.0010204619009141895	0.04796402516454977	0.07501234147113564	0.001022663402775877	0.5966172951940768
0.00037695009644334693	0.8015047832040987	0.0003787878627907878	0.000377872596216274	0.00037833216448686217
0.0005515985990711327	0.9966796665164485	0.0005544544549439072	0.000553015852827311	0.0005540262965987895
0.0008818840829621048	0.0008856834499292276	0.558078049727756	0.0008854149225574655	0.11225095768201818
0.0010277982893795367	0.0010314283873496387	0.9938114679875366	0.0010307469914692838	0.0010356420322270683
0.002801257240900969	0.0028133005252726287	0.9831403459997987	0.0028076681524597455	0.0028069419601180414
0.0009785234276394592	0.0009833818732283006	0.4891051842340786	0.000982016564914361	0.0009837712934062657
0.00042773754350504037	0.7150110373653928	0.0004296385313866625	0.0004294918266486415	0.013563886004879807
0.0008163656001403726	0.6914684941350331	0.10949240476167964	0.0008179079903283761	0.0008200093174852434
0.0010661508102848462	0.38756402228457704	0.6070865669890388	0.0010723465118213456	0.0010703472693483229
0.0005473769690574375	0.15608942125824077	0.731487913180649	0.0005486032374250507	0.0005502037786667581
0.0006738909707305912	0.8578799557271449	0.13873890393468055	0.000675505771318833	0.000677146971958075
0.00013465082958724395	0.40669547269807843	0.0001352706970073705	0.0001351514077343234	0.07472163996859203
0.0005012838658710685	0.268813325015627	0.0005032831461824415	0.0005023854135619574	0.7286727751028128
0.0004117136430599973	0.0004135581477507603	0.5199983425108813	0.00041305417477129004	0.028039653915119738
0.0004521055691981562	0.2454976379631282	0.09068546404131546	0.00045365419745634934	0.4466044993089372
0.0003001338331616202	0.00030118011892025576	0.00030119605292373126	0.00030075877378632883	0.00030139681811892753
0.0009099627764799489	0.000913712381160508	0.10702947227883729	0.0009125456001461957	0.0009136642087482584
0.0011429154848856748	0.34873429629599445	0.5410645638558405	0.0011466590020604928	0.0946619569699375
0.07142965759484873	0.07151170297313034	0.5708835859449666	0.07144066298025424	0.07147083577801279
0.0109896427076067	0.011036419073441283	0.011030904773451611	0.011003543509658206	0.01103933415082546
0.0003710760935374397	0.15293810761759283	0.0003727038787697373	0.0003724678923262878	0.07193240239563893
0.0006321436565823549	0.31219307874745345	0.0006346939481202469	0.000633763643237198	0.0006342994180849329
0.00044230882944458597	0.17010254431867258	0.787830026759852	0.00044367324563981367	0.040293162291579546
0.0003799590041615127	0.0003816512254382258	0.036437628405256633	0.00038124520964813566	0.00038117071220188754
0.0010132296197632846	0.00101845844661745	0.882670048084285	0.001015152678245135	0.001016857387341739
0.00035188232821463524	0.35106867674787706	0.37270775438855774	0.0003530924608127992	0.06219170965224348
0.0008818832668582313	0.37872210745165946	0.0008858776932170549	0.00088678848090109	0.2891953303556504
0.0011905468405635493	0.001196258867744675	0.0011963048630942285	0.0011934247636370737	0.0011969574550495306
0.0003434258977525817	0.8695308425315572	0.0003446222393872244	0.0003445359321161964	0.0003449799228490508
0.00018457937531965666	0.4536859851755035	0.05896710429671478	0.00018514104675801374	0.00018534567999148246
0.00032843256507840516	0.8125239930859341	0.0003298543551214996	0.1116258917536966	0.07453305368799641
0.0008873648162814772	0.13487170401135115	0.0008910088394548999	0.000894224925268079	0.0008915099039016914
0.00040130549109677525	0.31922289691322636	0.16263948921104565	0.0004022242057053677	0.0004028889826496283
0.00032322316039315696	0.6391893420010254	0.06250549122106663	0.00032440639842554555	0.0003246124309925123
0.0011074650313568429	0.0011124049291506052	0.001110989188189513	0.001110364974569008	0.0011108739521321239
0.000373990038112598	0.19234573992932674	0.2490685913392066	0.0003751803469319203	0.0659547748112332
0.0003968445168160974	0.00039843784393889833	0.34812616887847797	0.00039856892753343875	0.12676462466128388
0.0007893054925867393	0.5894526169486218	0.0007932055615642972	0.0007907394501595914	0.0007926261781378201
0.0012005427592344188	0.0012055499176385923	0.04618512354327271	0.0012045955009019023	0.001205425446395943
0.00031398708011853756	0.9981095396562493	0.0003153729396953844	0.0003147236814271785	0.00031552647828262694
0.00019437340293981502	0.626307607645486	0.0001952349387533601	0.00019494857655523903	0.00019519752161891048
0.0009588210903251427	0.16537264726573253	0.8298213742633723	0.0009611302648519847	0.0009624325181499199
0.0005391104330066186	0.34216570031209975	0.17607383905747795	0.0005406027162869286	0.0005410788252357265
0.00046840686995414706	0.07711737951537093	0.3041890727953036	0.00046967984049831404	0.39530237940231255
0.000284024691139244	0.00028518098775782785	0.6341406595095003	0.0002851201937566467	0.07862145990385444
0.0016612133179975358	0.7785537318362187	0.2131167344779156	0.0016676369741660737	0.0016679680163141756
0.07143046904115365	0.07158108052617763	0.07142864082193497	0.5712068424814114	0.07142860391376478
0.0031057290605069443	0.0031191606397268914	0.003121947079375559	0.0031095959129092904	0.19678834327688616
0.00029037554057955356	0.939452972588226	0.00029177964062510655	0.0002913589300221227	0.059090655529844105
0.00038612196436142124	0.04328572106777671	0.0003878150686798274	0.3705129327566218	0.00038796102551574114
0.0005452834365115298	0.35562662158665165	0.06230980259380877	0.000546884735158331	0.0005474044083648244
0.000747983542910212	0.5002345052678019	0.08056732264115721	0.0007499546673971521	0.41278111400449674
0.00024505026086218496	0.00024624913504532375	0.00024625802491163684	0.0002456765368704241	0.9985247514481778
0.0007003195074436043	0.48003200955060676	0.3926155562396899	0.000702805465840837	0.0007035183815950913
0.0015699344701529795	0.0015767071937082908	0.13794309117104586	0.0015717505999815037	0.0015759995612881585
0.0015699447323948273	0.0015758517790505668	0.7083270402964775	0.0015741811817541161	0.0015747277556085492
0.00040702239056120045	0.18758303368259638	0.0004089370456692214	0.00040820632293741627	0.41552307155934154
0.000494342523502047	0.0004967052028208789	0.0004964052926464944	0.0004960371360566217	0.0004985752151555237
0.00031818279490892294	0.48752473948636404	0.0003194159784020938	0.00031906673459373145	0.07259744813148282
0.00040818476844527006	0.354133175431248	0.5225070505535542	0.00040927499072919063	0.02833399258873165
0.0004024370959743288	0.5770464662826966	0.0004041840453529959	0.0004033815913463316	0.0004042261692705052
0.0009524283271510224	0.0009565513186638682	0.35195160716442253	0.0009559236932423348	0.0009557169884075758
0.000484287598014136	0.7641756903769003	0.00048566672761520674	0.0004867743306549306	0.23339564024726075
0.00026854302005198074	0.44006343644570217	0.00026970299935140976	0.0002695134875707941	0.18263715502124786
0.0011074765438342643	0.0011122982793112485	0.3042371834839583	0.0011134134462888975	0.0011110336836081002
0.0003607704775822674	0.532571454317607	0.22859684215929255	0.00036182633949189606	0.00036222848418964544
0.0006901664526698292	0.7102911976165552	0.08268728423272062	0.0006922755353420033	0.0006934474594629742
0.001335186881863886	0.17822167191882812	0.0013398633815559157	0.001341563595746654	0.3842045579481065
0.0004342358859633368	0.0004358828223783323	0.08450600322519379	0.0004353010543854848	0.00043523351940753894
0.0001502258424792477	0.5702333738104323	0.0001508024572630754	0.00015096677127049836	0.06860681391026006
0.000700318949449765	0.4951141858415436	0.501373232750971	0.0007029913078995019	0.0007034071106042429
0.0004081845772476122	0.1630599779500274	0.00040981504454877814	0.0004098255715775973	0.08344260654432314
0.0012987601535448003	0.0013038218290355773	0.0013043612434320904	0.0013005994662038994	0.0013047979875125625
0.00038301576584032524	0.7042191026806519	0.0003848926942896183	0.00038399883233516393	0.00038450116097484065
0.0009217111783419726	0.0009260416621656634	0.0850136267727576	0.000923359098934783	0.0009258345587827975
0.0004859330104633715	0.42258330869604877	0.0004877534058811318	0.00048691737132701245	0.0004877337635018217
0.0007479823892379113	0.7942320680795832	0.12631782365240712	0.000750790136407762	0.0764506269708258
0.0008818803524193402	0.0008859779538174853	0.2137318355757807	0.0008838076822524392	0.0008869051192328724
0.0006969037098523374	0.5576923452402169	0.0006999957418226252	0.0006996113129299802	0.0007002207432484052
0.0007289004439334511	0.15057796373502283	0.22307767210524604	0.0007309955144555707	0.14020111554627376
0.00039574599239094614	0.5339982876267525	0.0003974642460371808	0.0003970978454343481	0.0987087926817362
0.0010204537963899498	0.0010261046000424499	0.001024225529866116	0.001023150135386423	0.0010231200704825876
0.000693520741399861	0.35605472003235855	0.0006964910396450494	0.0006946092296874844	0.0006955876110900324
0.000876472307054698	0.3038072467650435	0.0008806312878380191	0.0008792690382037334	0.27958898755862066
0.001519829790504618	0.0015268246240024738	0.10985819253818337	0.0980816653624787	0.0015306652773770465
0.00010139464656143747	0.7735147710034337	0.00010179603130255485	0.00010175466296984871	0.024314868619393668
0.000569182697448789	0.6964639485399001	0.0005722801527240231	0.000570651898502381	0.30068107600211075
0.0003510180885924166	0.0003525286939555887	0.4098137742737829	0.0003522605299216762	0.0003527165147798826
0.0003840469303147458	0.24537495780455473	0.1023954767913882	0.000384901250364107	0.07119494247898119
0.0007215401575119586	0.4811159685052743	0.07914562506004304	0.0946686314356002	0.0007245177178621216
0.0005691814171317947	0.9301046030822904	0.0005714276042951216	0.0005706779304105458	0.0005710054072260746
0.0007215333168232151	0.0007245481145687356	0.0007246325315435924	0.0007235646404163666	0.11367266802908171
0.00029701590633290106	0.4123192229552531	0.3063752487693254	0.00029795882926571054	0.1398423260660038
0.0016052335695533918	0.291082212272569	0.0016114807353163202	0.0016189385762523302	0.0016124953613222874
0.0006184611406036379	0.0006207199359444475	0.6047337016914914	0.0006209058827310024	0.0006207842299336304
0.0004995276852153487	0.6971169554455748	0.16285547872453793	0.0005011299879132724	0.000501397574501628
0.0002631034939892458	0.0002643000823000861	0.11531203227600617	0.00026378354244052595	0.00026446294565869705
0.00017970273339318565	0.00018032772520648282	0.00018032005572590548	0.00018034609480125594	0.00018047020818768287
0.00023005588347390973	0.9651220086065382	0.00023085312535253558	0.00023056478108178082	0.0002310635720390558
0.00031125203225907565	0.633662544111558	0.00031245115890502927	0.00031225598101877175	0.0003127214327481805
0.0008503878137290718	0.3828027902856832	0.4265011069572737	0.0008542303911285793	0.0008539484931023219
0.0004226723656286448	0.00042408958945194857	0.7887374946809975	0.00042368395642932517	0.0004237145065602529
0.0007179131339776412	0.8089440710918143	0.18745696140707976	0.0007194947079999922	0.000720785426412906
0.0005879152088809922	0.0005899630082773072	0.4327541656777413	0.0005896090414493248	0.0005897490846800515
0.0024631868851247604	0.2883906044540275	0.5396480430593914	0.0024678653893953403	0.002472279966183765
0.00012086678352026606	0.3676771584373217	0.05965029102383028	0.00012120316137704742	0.00012127852216622607
0.0004189577457809875	0.00042086609427123236	0.2572873483050812	0.0004201775385163012	0.0004205733420253391
0.00030592040170283435	0.1435952669798542	0.28533660241060055	0.00030682548866181597	0.0003071347835067587
0.0013870415951692675	0.33404493503252214	0.0013928725949300565	0.0013976932576408461	0.0013941130039769234
0.0003153727591134877	0.0003164154909250222	0.0003168216831351388	0.00031607127415094285	0.00031660944494153834
0.0005432109876323618	0.0005453051533330511	0.37200929508383496	0.0005446019960230636	0.03790653438601197
0.0003014010753303944	0.00030271007174568137	0.0003026696132333328	0.0003025515670648977	0.5298791852567802
0.0004423114934274822	0.00044427877575439284	0.2730229231096472	0.0004435718063783057	0.13697070885769785
0.00432923451009488	0.004344960468134179	0.004354066132929712	0.0043474785429976955	0.0043419569276834
0.0014881718081903234	0.4976504202787426	0.0014942038638961514	0.0014922801298370477	0.00149642438288827
0.0007639812725952608	0.4372959302604562	0.13264723319789629	0.0007668730256356081	0.0007674263879890307
0.0006079330018423188	0.953522252179103	0.04343059095972586	0.0006091524576673408	0.000610540118913121
0.0011521199131013587	0.001156385105497063	0.001157076118923872	0.001154048996182409	0.0011554294114407356
0.00017550908872554554	0.9944715782869383	0.00017613065001617452	0.00017599093146998095	0.00464846214759431
0.000335362603678805	0.8774628803942935	0.1208556828011757	0.0003362638571477412	0.00033683552911079604
0.00036726110291239526	0.4933496141129835	0.00036877564509159674	0.00036827842155527293	0.0003690578954469683
0.0003545000521935228	0.0003558031082931343	0.36751340124249104	0.0003552659936039203	0.00035564177715267584
0.00045067662223230415	0.26222959968078924	0.13313370889439854	0.00045215742006945195	0.5860066108056002
0.0006707273495817331	0.06764487889313424	0.3118639437445657	0.0006729836671595956	0.0006743113961289433
0.0010132244851832194	0.0010182342014942122	0.07641023982638123	0.001014890177790919	0.10935222464785319
0.0002982550802705118	0.00029935033829101904	0.00029941364161088405	0.00029946590351605245	0.8803028397295161
0.0004070210743644628	0.6095643772672092	0.0004088275769596245	0.0004084834552327437	0.04040920238490849
0.0006738852483953588	0.5772690875681789	0.0006772044893420443	0.0006759936255059576	0.0006762955516769882
0.00011266920094986103	0.13075801268907575	0.00011317918181636919	0.00011304441591100354	0.5722128022064986
0.0007037664225203861	0.21168596606782988	0.19297047079420687	0.0007065748700266165	0.060008514345770966
0.0002555711412932652	0.7150724555735732	0.00025664203634827976	0.00025609447130980933	0.0005597356139830415
0.0005030458427257584	0.7327391002248325	0.07239408674092294	0.000504766325530254	0.11460154327460688
0.0006211473908859362	0.015927691968795114	0.0006233716246606002	0.0006227298023945079	0.0006236903249622615
0.0006493848461731172	0.6468644332772787	0.035085623931555524	0.0006513536995617535	0.0006516848926290367
0.0005624628683298257	0.000565025222282661	0.6816726704400856	0.0005640495112672279	0.0005649761903231267
0.0008306082627805997	0.5049895758715613	0.17931093761000483	0.0008348109342862113	0.1088866537943451
0.0006553406335392221	0.12474299809310806	0.270658160984695	0.000657319925884109	0.0006580931044102682
0.001190532459498292	0.0011956081817371001	0.001196303617595639	0.0011940058099634767	0.0011938335668345464
0.0012870710535425808	0.0012920707726194933	0.9264271492094412	0.0012935809934391338	0.067113125866218
0.000677084170119596	0.0006802620547607443	0.7470281106293639	0.0006786850511867511	0.04880214274578779
0.0006803072657251538	0.7823690483299719	0.0006835087157191445	0.0006818495539538609	0.21421864896785772
0.00048759204651634824	0.12439594865929579	0.000489509684286914	0.0004889820929421297	0.0004896863925447975
0.0008929069922326599	0.5631239352424544	0.0008963238444527346	0.0008948567182576734	0.0008962455555103511
0.00048264838138034947	0.0004844151956102211	0.2817883723556185	0.00048397389299929984	0.00048463427249144565
0.0012315867433850755	0.0012366534068493698	0.0012350662019678094	0.0728025100193938	0.0012357099971057738
0.0007289017557834574	0.05312324407618816	0.16492197522225174	0.0007315011466579543	0.0007322656947009369
0.0003493028061134471	0.00035091087709653273	0.4012552603830094	0.00035018217820330865	0.033620389193411156
0.0009990555867734497	0.4409273920246713	0.18666618666158408	0.0010008796680053163	0.0010033154076184879
0.00037301604887221703	0.1582036759248916	0.45319452422142903	0.0003743747339361646	0.0003745757159725819
0.0009398955970564807	0.3857986221020191	0.15338988380514265	0.0009432682575657566	0.0009434824481714442
0.0017422513133547551	0.19422703341242079	0.11235199374844475	0.0017458621288600202	0.001751354391225095
0.0009653071077431552	0.38343267810245624	0.0009695019763643546	0.0009678532866007726	0.3329356111026491
0.0006377895045559856	0.2432813580653342	0.12111831838442268	0.0006399430247343525	0.0006405307442205513
0.001082302162250522	0.7902699080113951	0.2043052383179225	0.0010847691829071356	0.0010864444492477356
0.0004826520074709417	0.09575619538405285	0.000484584823765341	0.00048449391600171747	0.6613895476306153
0.0003007678190334105	0.7704013666537974	0.000301914370553942	0.0003017328889112168	0.12227400029867873
0.0005214039769138206	0.22030260555802997	0.05628986389467886	0.0005228599008490904	0.09495825049903826
0.0003769533030710583	0.4001043453922613	0.0003786933957270119	0.0003785741040333957	0.00037858467012196075
0.002381075862609009	0.424226267298439	0.0023914666576343863	0.002391347070727956	0.0023922351107255684
0.0006707265332304964	0.6991807443851028	0.0006733771148985145	0.0006735629656176103	0.004382404655325382
0.0006969009895420009	0.5125762210782822	0.08182183972952929	0.0006987531257490455	0.4028083016832497
0.0010905761155147469	0.02437629091735838	0.12125171075085701	0.0010947905006037763	0.18913136864495092
0.00016516119516992266	0.5503268891369417	0.1159976561383422	0.00016570115512348074	0.19124016207564723
0.0003892759706727486	0.2174237081382793	0.1446000442193394	0.00039110803133377817	0.0810135344224932
0.00024296793556452903	0.00024402542217083424	0.5145567368178523	0.00024374999841086543	0.00024403653008955585
0.0012870688940691125	0.6021526142028237	0.3332295010086001	0.0012888876443048923	0.001293240726876534
0.00029888016375799204	0.00030016580591268996	0.45890187781331326	0.000299611836641353	0.000300012799844049
0.00025928177690232105	0.7805692753333955	0.0002604178562638996	0.0002599379576071719	0.2181305538237398
0.0010905679002873384	0.001094743703082129	0.0010955079968404727	0.00109432834582255	0.0010941739531662921
0.00012699097180581968	0.2972592130909339	0.00012753618167079118	0.00012739311289774544	0.2662975559306101
0.0008503838649819201	0.0008538653956132964	0.42100023912262335	0.0008521646841995862	0.0008537363038519437
0.00041651468215683595	0.9657485447309979	0.03216173266250841	0.00041830363630178315	0.0004183720967125436
0.000690161610171718	0.0006927124171436063	0.038527584282723154	0.0006916921604266482	0.0006934502782583202
0.000244213233463551	0.3430553097857984	0.0002451431949306143	0.00024495523153213503	0.24224616890121717
0.000755896437575515	0.6893799083681831	0.0007595243184611316	0.0007573731464148435	0.0007594579319368201
0.0003536240577436207	0.00035513373090844693	0.6328927331650813	0.0003548224277929426	0.018525048516468016
0.00018922484863061792	0.44030903255183146	0.0001899536607800795	0.00018993990385396425	0.21149827518275763
0.0002736862134658218	0.6624231868955859	0.00027489461774499754	0.0002747655358987547	0.000274544942307173
0.0006079384034705288	0.8826815502184187	0.0006109284256586475	0.0006098962754910315	0.0006108369530249413
0.0004909438217903216	0.09377324421683843	0.33294653320083467	0.0004924107794656096	0.0004930693912692914
0.0005330749750012264	0.000535408709726912	0.4099667576877335	0.0005346054640305724	0.0005350724355176925
0.0009653034750914193	0.37364758162914957	0.4039583912860234	0.0009673377653822907	0.0009704817236212172
0.0007519196541746683	0.0007548703469711412	0.72411173684092	0.0007541904001264891	0.000755103213026286
0.023810495787855233	0.02392255473079311	0.8566283055679289	0.023875493851122094	0.02394922636781703
0.00024802846206350255	0.06566053909677538	0.0002487645686578377	0.00024910411511150815	0.2890868219287356
0.0006493790274850165	0.0006516241287611168	0.000652214546104294	0.0006512276621476172	0.0006516381542807148
0.00045210313318603455	0.3253637287124786	0.0004540880023173833	0.0004532951543197789	0.07024372343067199
0.000621156768994847	0.2856989767860697	0.31141818434247787	0.0006229817299359435	0.0006241357868864987
0.0007289039385127671	0.0007318897340099416	0.6354390248565094	0.0007328327122097072	0.0007328969799399294
0.00038097339810029156	0.19457609553318658	0.6416889933042202	0.0003822382950451665	0.0003823961221602475
0.0005646810815683178	0.14034841938395634	0.33766159836023785	0.0005661854589068036	0.0005670875143386288
0.00027368754070973203	0.5617955182909078	0.34835514952498087	0.00027445676277748377	0.0002749322655416189
0.0004423023282975776	0.40000828485354406	0.11996085215895873	0.0004434794914431094	0.00044423434587402414
0.001360641890922477	0.7868148619254975	0.0013718384080739585	0.0013636152369279446	0.2063493717924921
0.0018798056441147553	0.0018870406051200456	0.585351621498715	0.001884045937513691	0.13927703620412055
0.001133842944177454	0.0011387911659961906	0.3055117645229722	0.0011367744989370582	0.23043957858981676
0.0014430778473806451	0.6923465316643752	0.0014509779106161042	0.0014499264172009889	0.0014499684392529984
0.00038507763403329353	0.0003866451549212061	0.34993210859195994	0.0003862120983495917	0.0003864948230910185
0.0003562726393778997	0.2858047063064557	0.0003578273675156871	0.0003573208346794902	0.0003580025815876458
0.0014430635285183845	0.1333124317411323	0.8594539259973458	0.0014472002420568232	0.001446955071874393
0.0004506777237650117	0.6640497087939282	0.00045276647530106024	0.0004518693234062469	0.0004523318323865552
0.00032842390623193427	0.00032989924866965787	0.31593515675655753	0.00032931812845274025	0.09642811572164355
0.00045210550759655025	0.14522649703064802	0.0004538950945749369	0.0004544949128174403	0.00045418075974572227
0.00043689754304200877	0.2893601309641552	0.01601356809957442	0.0004385527582045714	0.07186863053369813
0.0010504749746136164	0.8078975763965258	0.001056188050529343	0.001055662331482388	0.18683199986382734
0.00016402439296646064	0.0539930029651613	0.00016472545586999145	0.00016451803822325938	0.29449826490708236
0.0003830162352141148	0.30800860722400064	0.0812878774914086	0.0003846687667581739	0.12202448164853352
0.00047780923861073153	0.000479787090726062	0.623819042287791	0.00047884869485666795	0.035825576778884975
0.0005102352294464411	0.000512639588125553	0.0902148634252666	0.000511392150726938	0.11773438112298519
0.0004995299570962205	0.5440936398492173	0.000501471856780241	0.023289942941543348	0.0005013018596480167
0.0004035745127385086	0.00040548230469403273	0.00040545574794656437	0.00040517755907324305	0.09631357292388078
0.000576063137980172	0.0005782431685946627	0.0005784927675682529	0.0005778707136699168	0.02512830849419303
0.0003914089540447229	0.7224666239409876	0.0003929742029460113	0.00039238713688945784	0.00039302302273307686
0.0003450844216949156	0.08412480160950557	0.40605835482120584	0.0003461101562833282	0.0003467366394315386
0.0005494779978676991	0.4270358856569653	0.12979353281659475	0.000551263503162558	0.44096681661619375
0.000351016988945311	0.00035268126218466827	0.6886584630463151	0.0003524036601000751	0.000352361947902872
0.0003126134817919349	0.7785439336895885	0.00031389520756576597	0.0003140001693424422	0.026541835287325236
0.0005602499736865676	0.00056253314531672	0.000561935346664208	0.0005621192634454162	0.13371399410973958
0.0007639839297137054	0.25983432056640826	0.13974122596478628	0.015172130806197259	0.0007671639222491785
0.0003078990957617134	0.46016985804568117	0.02642241810118033	0.0003086378430079295	0.0003092673371289916
0.0004251914702913052	0.1978844107329895	0.0004270549436076717	0.0004265417920008301	0.27419247052174395
0.0007402320419565813	0.29729341826613603	0.22179139798465183	0.0007425229505472467	0.0007436632694139747
0.0009158027246630138	0.1289228370146	0.3121484892089663	0.0009188332273930111	0.17095226368902555
0.002551148154970649	0.0025610386441715753	0.7761715866372991	0.002555964507962281	0.0025592379744723945
0.000605357151748596	0.10389878386643363	0.6065810648656804	0.0006073829857060976	0.03560143831679429
0.0006523532551490476	0.7852840722191998	0.2114450124899047	0.0006539502851113333	0.0006549502093620222
0.0004024370952980358	0.18757945170142254	0.00040380555902404177	0.0004037917760760665	0.25477520908372175
0.0013228182655644835	0.2854770661850513	0.16654510547000678	0.0013258647191198376	0.0013275826587441455
0.0007893118567162973	0.07096160810031044	0.0007929716512640598	0.0007918664875313381	0.0007930179362796762
0.0018084102854211193	0.3622291660531656	0.380774509627018	0.0018119252274445992	0.0018163665406696497
0.0006028000554012512	0.0006056883061089549	0.3868127665249025	0.0006040483700856192	0.0006054660060366105
0.00017615803588802453	0.6203935513259198	0.10877778035086383	0.00017683227684541593	0.2418208903079661
0.0004382358014792379	0.40776141056458665	0.00044018844698235076	0.00043976750576746787	0.5900398532519427
0.004201850249225774	0.00421662469367516	0.9747058497368725	0.004208338442787246	0.004211372188224662
0.0008606303724114017	0.559460294269038	0.11952628669112006	0.0008637122217079626	0.000863484624351364
0.0008117403358818633	0.45265743218054266	0.33444422647086336	0.0008141272352450573	0.00081444238707461
0.0029763337505649932	0.002988334347080781	0.5282819705542251	0.002984405623629431	0.0029844922329222367
0.0005350732594806633	0.07840285714869062	0.11826457564482411	0.0005359842558590521	0.0005367972336199693
0.004464525453206195	0.004484791609961172	0.7316377808317255	0.004483236704704022	0.24596752512568204
0.0004778095128051338	0.30643808454800536	0.554765450696293	0.0004790780818064113	0.020544369976049248
0.0008873620483719324	0.266888722282395	0.0646926383911356	0.0008896022622664068	0.0008912961641649317
0.00016887132285493172	0.5254380933708277	0.060731259478184724	0.00016945305125623113	0.39355325609354047
0.002597559757181391	0.4065778635037599	0.0026098497733323188	0.002613396294736273	0.1859172816001353
0.0005452868743780151	0.21898476261453956	0.05761742575033568	0.0005474932846656492	0.0005479911577621656
0.0007680923064122407	0.1777989252662171	0.0007716218290036404	0.0007715064354763074	0.4439777604208312
0.0006868468102759609	0.09097988191770977	0.0006896875158773493	0.0006890395837221939	0.0006888611940073654
0.0026456190155747343	0.0026541266042172016	0.3442193047294714	0.0026497959306443805	0.0026537859855360734
0.00039356729941601216	0.5748052531492097	0.35887899690172037	0.0003946521282729564	0.0647377043971278
0.0018797856537449344	0.3225110236790238	0.550490651450896	0.0018834120580902883	0.11945976533114758
0.000279032129694871	0.42164989840400346	0.00028023556610749095	0.00027995077503778406	0.0002803480777048676
0.0002446323588188599	0.9375369459176673	0.06123642658986854	0.0002453441970355959	0.00024572784533975593
0.0008117330694932608	0.40577260536598425	0.0829491060095509	0.0008134928036720509	0.4468246751878869
0.0005624604005769367	0.8606414965620769	0.13653793610854098	0.0005646899465317188	0.0005643283338853199
0.00029950631187725194	0.4446551656403943	0.00030058800594537046	0.00030051518999935973	0.40393170324210503
0.0003426012269749092	0.5774423933932691	0.20180303623948403	0.00034366715158748375	0.00034423754626611666
0.0010823074264593735	0.0010867192492369923	0.4238687175353882	0.0010868598612422207	0.0010859285688123981
0.00027057616130116857	0.0002716553253959997	0.8505472774882127	0.0002716671037693286	0.00027175881231230594
0.00039248629430832066	0.9976372716232579	0.00039490434162229535	0.0003935265773001536	0.0003941156177734497
0.001984240821944792	0.0019925194069123305	0.0019939887026817105	0.001988089093068939	0.39476423841441294
0.00037695538292618604	0.8027043951478862	0.12532005922886086	0.00037813231892698816	0.002213847616283258
0.020409194776513984	0.02049770399148914	0.020462008608866964	0.020463474515917738	0.02043724457741153
0.0006435304487227361	0.0006462042984830687	0.7422958054048444	0.0006455937001847804	0.0006455855178897343
0.00023574982962414555	0.22944473385291916	0.0002368434653936004	0.00023642869153134497	0.00023670674984561425
0.04762077508059938	0.7139282487306846	0.04768384882316041	0.04766214762872258	0.04763903790441591
0.000230797881102596	0.9255019917058132	0.07334042431653673	0.0002316808827064509	0.00023175701089436177
0.000501276693935991	0.0005034465996719835	0.0005029131309323356	0.0005025836117599663	0.0005032952843445998
0.00046384841188127105	0.9053145354686201	0.0004659471086056884	0.00046540154050538193	0.00046600665889822275
0.0037596072456923817	0.0037727478518868244	0.43730132756640266	0.054785727881992	0.0037847571474592633
0.00011152586079647663	0.6409177020141816	0.00011203170454632997	0.00011185167534187628	0.16677276751889905
0.000821066054505156	0.763368261431842	0.19111412513406426	0.0008244508242371619	0.04222377262497624
0.00018316021549794303	0.4905812640559065	0.00018394465251915501	0.00018378631140952647	0.0001840081804827672
0.001082302162250522	0.7902699080113951	0.2043052383179225	0.0010847691829071356	0.0010864444492477356
0.0004506753626990855	0.23836432421703685	0.07672346178662037	0.0004520387221146001	0.19135639780145405
0.000531093456101364	0.0005333932840638363	0.08594400258511768	0.0005320158897852958	0.9113936059482924
0.003861182058404499	0.7139297580565791	0.26672867096020225	0.0038654500122018197	0.003877275491001802
0.000440940052667862	0.8088213168788507	0.04934538555203429	0.00044260519015059026	0.00044282116688713116
0.0004177334102747899	0.800738218363125	0.09712946372840879	0.00041962942945642884	0.10045635117092871
0.00038199283234018175	0.43682413602564707	0.10836915483832889	0.0003829062927174248	0.00038352974048464107
0.00034930252772592336	0.3489852223946338	0.00035078782667958435	0.00035029435152553407	0.39591926235761243
0.0004521017730858423	0.09679773922162865	0.7607312388891585	0.0004538833007935801	0.0004539131149301004
0.00219790662072355	0.0022047316383218586	0.9222777512853798	0.0022038160190360223	0.0022040158338235798
0.0010741627427803928	0.0010773958228202242	0.3909477750425615	0.0010765113621958625	0.0010774062020093825
0.0006969002499146868	0.9958069370093156	0.0006994484160422057	0.0006987584030597196	0.0006993997998156922
0.0005494741066006481	0.0005517735751643997	0.3677347738597068	0.0005511235179145001	0.0005515002152084488
0.0003924851600365037	0.6068374123065795	0.0003942104106660735	0.0003934824177248008	0.18146631109084405
0.001082293791702105	0.0010858138406100587	0.0010879328175516477	0.0010847610794337485	0.0010851413125146116
0.0008305909983172831	0.0008328201879591878	0.995005828646022	0.0008325598607213453	0.0008332477328902802
0.0018553505658109374	0.001862887475995476	0.9888351144552454	0.0018580592876946953	0.0018600581762458937
0.00036915639679155544	0.8181633495021661	0.0003705589641036311	0.0003701669604811254	0.0003708779594234412
0.00037107667136311465	0.16751396764689014	0.1300236381916505	0.00037229486544114936	0.025188126467997275
0.000422674734121856	0.0004243142990708477	0.00042442091281098766	0.0004236841431665248	0.00042463853510697357
0.0023810622526508757	0.002390192178396269	0.002392651517960816	0.002386207654287376	0.0023854885338067625
0.0002171182977459324	0.6128626576995504	0.00021804055189995536	0.00021771980496152073	0.00021789302769654727
0.0007639763711446125	0.000767173805956008	0.7824327540014291	0.0007666514630128042	0.0007672035899493825
0.00020978522569574615	0.298902229749045	0.00021073204480325292	0.00021028332889571556	0.00021057636012402898
0.0015873908716718286	0.0015941767610327257	0.0015953224026165594	0.0015965637547536065	0.0015942430044159496
0.0005214007681247085	0.6779624400159107	0.0005235057353390431	0.0005230032750575211	0.0005232878962054327
0.0003059186886552645	0.3977677359327653	0.00030726109863315993	0.00030678740399518246	0.6006986096785195
0.002304241446504116	0.0023123976983582093	0.0023146452712591212	0.0023082403248611966	0.0023114086323488487
0.0015699110806422858	0.0015769087038980884	0.0015738467246191243	0.0015722722411506932	0.9905583925027891
0.0010661719552235581	0.0010710793543069173	0.0834583054747984	0.0010700791059750695	0.001072349496503589
0.00029275453915415356	0.1838704156623195	0.000293967995812071	0.000293748691908233	0.7135690202921766
0.00038404389660665826	0.9976887679711554	0.00038575838835750294	0.0003851307568438739	0.00038532086569011267
0.0010582505815391872	0.14344304296998175	0.0010629338423144466	0.0010619584390366835	0.0010621108187746405
0.0003119306300329565	0.4058092158295616	0.00031311570933652597	0.00031286376598415027	0.00031305666272061236
0.001680755793240979	0.0016885466197153357	0.0016872345191390802	0.0016833715881894062	0.0016857975620717266
0.000580749488954209	0.5356792071742853	0.461409507147624	0.0005827769518758018	0.0005826287799932375
0.00034759903669124903	0.038517677507033145	0.9597401558464007	0.000348467163091199	0.00034876635360646223
0.0005291241904957308	0.0005312646438215742	0.6624348449121463	0.0005304402431336397	0.334912664894332
0.0008503739874560746	0.0008537066190337102	0.000852892922056571	0.0008525524468394773	0.0008528010807333149
0.00042267490094890397	0.9974563540847329	0.00042419203291547036	0.00042368873318678117	0.0004245800096806367
0.0015528499459489724	0.0015584982594200156	0.0015585019815250111	0.0015569669615301566	0.9906567701288616
0.0008985179340823005	0.4102306360442437	0.37992688470357494	0.00090107671279449	0.0009020117948429442
0.0005176262434560853	0.3603842653689353	0.25552681280131967	0.0005192426643188655	0.0005199047019359118
0.000904199540921006	0.0009072609686231282	0.0009079289873541415	0.0009060609444165559	0.0009073049741677036
0.0007179087587806911	0.0007201253261994592	0.02895092720795514	0.0007194223320275911	0.0007204244390321854
0.0009588179999423984	0.7719771505035624	0.000961061846806272	0.0009609036917175499	0.22321940174957391
